Disc_ID,User_ID,Created At time,Created At Year,Created At Month,Created At Day_of_month
ID_ONQEAR,ID_CEDNKSVV,16:18:44.841697,1,5,11
ID_E0NHSS,ID_CEDNKSVV,17:30:40.566763,1,12,23
ID_3XKIOF,ID_CEDNKSVV,13:28:47.950841,1,1,3
ID_XCC6W4,ID_CEDNKSVV,18:42:17.362333,1,1,5
ID_OIGXGK,ID_CEDNKSVV,18:57:54.540062,1,12,19
ID_OIGXGK,ID_CEDNKSVV,00:30:14.803404,1,12,20
ID_AZGU5X,ID_Q0AI5FV5,18:35:33.234257,1,5,19
ID_AZGU5X,ID_SSE2SXWF,19:06:34.418505,1,5,19
ID_EDSIFD,ID_SSE2SXWF,19:06:34.555138,1,5,19
ID_AZGU5X,ID_0RJ4YV3T,21:08:39.318181,1,5,19
ID_AXOSKY,ID_SZY7UVP1,01:18:53.960347,1,2,18
ID_1LCBM5,ID_ECRC1HNG,17:58:36.218654,1,5,22
ID_A4R9P4,ID_KAEOWOIU,10:27:12.277935,1,5,26
ID_A4R9P4,ID_BGDI18Y9,10:36:28.611492,1,5,26
ID_LBF8N2,ID_PG64ZY18,14:42:31.071509,1,2,13
ID_LBF8N2,ID_PG64ZY18,14:49:44.323067,1,2,13
ID_5WVAGS,ID_E7SKL6R4,12:00:22.565241,1,2,16
ID_JHOXXC,ID_ZUYKQ8J0,19:35:28.808367,1,5,19
ID_JHOXXC,ID_ZUYKQ8J0,20:15:14.135013,1,5,19
ID_JHOXXC,ID_ZD20NJFA,19:38:54.620654,1,5,19
ID_JHOXXC,ID_WLSYFWFE,20:23:48.220988,1,5,19
ID_WMNY23,ID_I4BH68MU,18:12:25.588963,1,5,22
ID_E4R0I5,ID_EUVUFI8H,13:12:49.569630,1,1,21
ID_E4R0I5,ID_LAX472KM,04:42:03.488527,1,12,29
ID_E4R0I5,ID_JNZQMMX0,05:36:20.487510,1,12,29
ID_183IIQ,ID_JNZQMMX0,06:06:14.246596,1,1,14
ID_E4R0I5,ID_H0IR2B9W,05:48:31.115386,1,12,29
ID_E4R0I5,ID_YKNL8WNI,07:50:27.078445,1,12,29
ID_E4R0I5,ID_ZHR6NCSJ,09:40:33.348763,1,12,29
ID_EY2BJG,ID_FU9487VT,15:55:00.421045,1,2,20
ID_441BAB,ID_EF5JPUZW,01:44:29.372020,1,2,22
ID_441BAB,ID_PCOK6YYS,14:30:14.400097,1,12,23
ID_E0NHSS,ID_PCOK6YYS,20:22:34.966462,1,12,23
ID_OIGXGK,ID_PCOK6YYS,21:20:57.950106,1,12,19
ID_441BAB,ID_UCH8W041,20:11:35.587692,1,12,23
ID_E0NHSS,ID_UCH8W041,20:36:54.198957,1,12,28
ID_441BAB,ID_JLAA97OM,21:08:35.697858,1,12,23
ID_E0NHSS,ID_JLAA97OM,21:09:10.643299,1,12,23
ID_441BAB,ID_A8HP1ANN,19:21:21.945538,1,1,11
ID_OIGXGK,ID_A8HP1ANN,19:21:45.723878,1,1,11
ID_441BAB,ID_GUHCJ3WZ,17:26:51.947901,1,1,21
ID_E0NHSS,ID_GUHCJ3WZ,17:24:42.684900,1,1,21
ID_441BAB,ID_2BKRRSKW,12:00:18.833744,1,12,29
ID_E0NHSS,ID_2BKRRSKW,12:00:08.387314,1,12,29
ID_10B2CG,ID_PQG4U6Z9,07:05:39.609226,1,2,12
ID_2WS956,ID_PQG4U6Z9,12:35:35.821598,1,1,11
ID_VMAW54,ID_PQG4U6Z9,12:41:06.964410,1,1,11
ID_J2D0N2,ID_PQG4U6Z9,22:57:57.998142,1,1,19
ID_RAFDGN,ID_PQG4U6Z9,12:03:49.793666,1,1,11
ID_LC5LJX,ID_PQG4U6Z9,12:03:16.533074,1,1,11
ID_LC5LJX,ID_PQG4U6Z9,12:01:12.258256,1,1,11
ID_4PVVT3,ID_PQG4U6Z9,17:04:42.161055,1,1,11
ID_183IIQ,ID_PQG4U6Z9,23:00:36.593509,1,1,19
ID_FCVEOR,ID_PQG4U6Z9,23:07:16.300729,1,1,19
ID_9OM3J1,ID_HA5GD0UH,02:43:08.664638,1,2,22
ID_9OM3J1,ID_3GVBNS1Y,05:51:07.528371,1,2,15
ID_KWJRBL,ID_VHKMHN5V,08:31:31.027846,1,2,24
ID_85N7JD,ID_2OK0YBNF,10:16:07.721902,1,1,23
ID_A1S4P3,ID_2OK0YBNF,14:33:45.392101,1,1,25
ID_85N7JD,ID_YKMUQUT0,17:12:17.026672,1,12,16
ID_85N7JD,ID_G23UREIF,20:01:15.324733,1,12,16
ID_GUZ7T8,ID_MW1RUXWJ,22:10:53.346653,1,12,31
ID_GUZ7T8,ID_TQMLT2YD,10:00:15.948748,1,1,11
ID_GCOB3J,ID_TQMLT2YD,10:01:19.257639,1,1,11
ID_RAFDGN,ID_TQMLT2YD,10:02:28.088279,1,1,11
ID_GUZ7T8,ID_ZDAVDH08,10:37:04.475362,1,1,1
ID_GUZ7T8,ID_98KP92NY,10:44:59.922062,1,1,1
ID_AZ1OX9,ID_98KP92NY,10:50:42.816479,1,1,1
ID_AZ1OX9,ID_98KP92NY,13:05:39.826050,1,1,1
ID_AZ1OX9,ID_98KP92NY,13:03:29.318252,1,1,1
ID_18EL2H,ID_98KP92NY,10:33:57.026183,1,1,1
ID_18EL2H,ID_98KP92NY,13:08:16.641999,1,1,1
ID_0H4NG2,ID_98KP92NY,10:44:00.954715,1,1,1
ID_GUZ7T8,ID_O2NYGOCI,12:29:53.193433,1,1,1
ID_GUZ7T8,ID_KBHUGA7D,15:14:50.953854,1,1,1
ID_2FV7GY,ID_KBHUGA7D,15:15:17.600235,1,1,1
ID_AZ1OX9,ID_KBHUGA7D,15:14:11.255739,1,1,1
ID_GUZ7T8,ID_UGSSHS8M,16:35:26.353665,1,1,24
ID_GWZR2P,ID_UGSSHS8M,16:43:12.207026,1,1,24
ID_2FV7GY,ID_UGSSHS8M,16:34:42.317368,1,1,24
ID_EY4LOW,ID_UGSSHS8M,16:37:33.365556,1,1,24
ID_JFPPYO,ID_UGSSHS8M,21:37:01.893815,1,1,24
ID_VIH0CB,ID_UGSSHS8M,16:33:29.398960,1,1,24
ID_VIH0CB,ID_UGSSHS8M,16:33:03.509498,1,1,24
ID_AZ1OX9,ID_UGSSHS8M,16:35:44.326495,1,1,24
ID_EXHMZ5,ID_UGSSHS8M,21:37:27.394494,1,1,24
ID_GUZ7T8,ID_GKRH4XL7,01:23:31.700113,1,1,6
ID_X5PLV5,ID_GKRH4XL7,01:21:10.121392,1,1,6
ID_8S1OVP,ID_GKRH4XL7,22:55:25.956483,1,1,24
ID_RAFDGN,ID_GKRH4XL7,01:47:28.982109,1,1,14
ID_GCOB3J,ID_L3SE5MXW,11:12:52.010276,1,1,7
ID_X5PLV5,ID_L3SE5MXW,12:25:24.258856,1,1,21
ID_RAFDGN,ID_L3SE5MXW,15:28:09.972588,1,1,13
ID_LC5LJX,ID_L3SE5MXW,14:43:33.323194,1,1,11
ID_GCOB3J,ID_HC4BEZD4,11:54:41.962152,1,1,7
ID_GWZR2P,ID_HC4BEZD4,18:08:35.234312,1,1,7
ID_EY4LOW,ID_HC4BEZD4,16:37:33.090172,1,1,3
ID_7OZ9Q4,ID_HC4BEZD4,07:03:10.991962,1,1,9
ID_7OZ9Q4,ID_HC4BEZD4,07:12:48.364815,1,1,9
ID_VMAW54,ID_HC4BEZD4,13:42:30.305110,1,1,7
ID_VMAW54,ID_HC4BEZD4,14:04:12.616747,1,1,7
ID_VMAW54,ID_HC4BEZD4,14:03:28.299566,1,1,7
ID_O52TU4,ID_HC4BEZD4,08:18:15.801995,1,1,9
ID_O52TU4,ID_HC4BEZD4,12:59:18.173805,1,1,9
ID_AZ1OX9,ID_HC4BEZD4,11:07:11.017713,1,1,1
ID_AZ1OX9,ID_HC4BEZD4,11:08:11.040784,1,1,1
ID_LC5LJX,ID_HC4BEZD4,11:06:52.068486,1,1,9
ID_HQOJBS,ID_HC4BEZD4,07:10:50.084484,1,1,23
ID_HQOJBS,ID_HC4BEZD4,11:04:39.055834,1,1,23
ID_HQOJBS,ID_HC4BEZD4,11:04:20.448348,1,1,23
ID_GCOB3J,ID_D96RNL1K,12:18:37.956139,1,1,7
ID_EY4LOW,ID_D96RNL1K,15:48:07.393508,1,1,3
ID_O52TU4,ID_D96RNL1K,17:06:59.774921,1,1,9
ID_AZ1OX9,ID_D96RNL1K,11:15:11.781084,1,1,1
ID_LC5LJX,ID_D96RNL1K,17:22:56.238171,1,1,9
ID_183IIQ,ID_D96RNL1K,09:13:45.259549,1,1,14
ID_GCOB3J,ID_PROILWVY,07:04:23.607974,1,1,9
ID_IRT1AX,ID_PROILWVY,05:31:23.850937,1,1,23
ID_2FV7GY,ID_PROILWVY,07:52:06.787861,1,1,9
ID_06XNM5,ID_PROILWVY,07:51:36.568373,1,1,9
ID_GCOB3J,ID_6FWB89V7,11:14:42.816791,1,1,15
ID_2WS956,ID_6FWB89V7,17:09:59.115587,1,1,9
ID_VMAW54,ID_6FWB89V7,11:16:09.657202,1,1,15
ID_O52TU4,ID_6FWB89V7,17:08:05.775181,1,1,9
ID_J2D0N2,ID_6FWB89V7,11:13:11.057528,1,1,15
ID_183IIQ,ID_6FWB89V7,07:27:12.931678,1,1,14
ID_183IIQ,ID_6FWB89V7,08:58:21.636178,1,1,14
ID_GCOB3J,ID_0SXRNUSA,12:09:22.893628,1,1,7
ID_GWZR2P,ID_0SXRNUSA,17:04:00.958430,1,1,7
ID_GWZR2P,ID_0SXRNUSA,16:25:27.462026,1,1,7
ID_X5PLV5,ID_0SXRNUSA,12:10:36.933708,1,1,7
ID_LC5LJX,ID_0SXRNUSA,19:58:10.994288,1,1,13
ID_GCOB3J,ID_50JC7HOA,12:39:17.520893,1,1,7
ID_GCOB3J,ID_45DGPFGT,12:41:30.130430,1,1,7
ID_GCOB3J,ID_NK7LCLLL,12:45:54.417655,1,1,7
ID_X5PLV5,ID_NK7LCLLL,12:46:11.553244,1,1,7
ID_EY4LOW,ID_NK7LCLLL,12:54:01.760928,1,1,7
ID_AZ1OX9,ID_NK7LCLLL,13:02:12.355355,1,1,7
ID_GCOB3J,ID_TROKANDP,12:13:12.816570,1,1,15
ID_GWZR2P,ID_TROKANDP,12:15:47.334444,1,1,15
ID_2WS956,ID_TROKANDP,12:17:51.135003,1,1,15
ID_LZETUI,ID_TROKANDP,12:17:16.674050,1,1,15
ID_VMAW54,ID_TROKANDP,12:14:31.608805,1,1,15
ID_O52TU4,ID_TROKANDP,12:20:22.833278,1,1,15
ID_J2D0N2,ID_TROKANDP,12:32:29.410077,1,1,15
ID_RAFDGN,ID_TROKANDP,12:31:57.219136,1,1,15
ID_LC5LJX,ID_TROKANDP,12:30:39.862158,1,1,15
ID_MNL3DD,ID_TROKANDP,12:07:09.171667,1,1,15
ID_UI3DQF,ID_TROKANDP,12:32:58.148485,1,1,15
ID_4PVVT3,ID_TROKANDP,12:32:13.521295,1,1,15
ID_WXIWC8,ID_TROKANDP,16:39:48.668399,1,1,21
ID_GCOB3J,ID_ZH2JCN29,13:15:40.387684,1,1,7
ID_EY4LOW,ID_ZH2JCN29,14:04:22.921991,1,1,3
ID_EY4LOW,ID_ZH2JCN29,14:05:38.457749,1,1,3
ID_AZ1OX9,ID_ZH2JCN29,13:24:21.276279,1,1,1
ID_GCOB3J,ID_G0CAVNIG,13:27:14.473284,1,1,7
ID_GCOB3J,ID_FJVEPK9I,08:44:32.030200,1,1,9
ID_2WS956,ID_FJVEPK9I,08:41:43.422770,1,1,9
ID_X5PLV5,ID_FJVEPK9I,08:45:11.724669,1,1,9
ID_LZETUI,ID_FJVEPK9I,08:42:36.079361,1,1,9
ID_VMAW54,ID_FJVEPK9I,08:43:46.508759,1,1,9
ID_GCOB3J,ID_OAT2Z0FH,15:17:58.828423,1,1,7
ID_X5PLV5,ID_OAT2Z0FH,15:21:21.441646,1,1,7
ID_X5PLV5,ID_OAT2Z0FH,15:20:58.814069,1,1,7
ID_X5PLV5,ID_OAT2Z0FH,15:18:19.542011,1,1,7
ID_EY4LOW,ID_OAT2Z0FH,21:13:58.765493,1,1,3
ID_VMAW54,ID_OAT2Z0FH,15:14:15.416093,1,1,7
ID_GCOB3J,ID_AC8HAGSZ,13:05:14.351521,1,1,15
ID_GWZR2P,ID_AC8HAGSZ,14:14:33.247677,1,1,15
ID_2FV7GY,ID_AC8HAGSZ,13:08:25.593290,1,1,15
ID_EY4LOW,ID_AC8HAGSZ,14:17:13.488213,1,1,15
ID_LZETUI,ID_AC8HAGSZ,14:13:44.890209,1,1,15
ID_J2D0N2,ID_AC8HAGSZ,13:10:04.103182,1,1,15
ID_RAFDGN,ID_AC8HAGSZ,13:11:46.415231,1,1,15
ID_AZ1OX9,ID_AC8HAGSZ,13:07:04.193627,1,1,15
ID_LC5LJX,ID_AC8HAGSZ,14:12:42.507750,1,1,15
ID_UI3DQF,ID_AC8HAGSZ,13:10:42.271550,1,1,15
ID_183IIQ,ID_AC8HAGSZ,13:11:16.205271,1,1,15
ID_GCOB3J,ID_A47F76VX,16:43:00.098733,1,1,7
ID_GWZR2P,ID_A47F76VX,16:36:25.621824,1,1,7
ID_EY4LOW,ID_A47F76VX,16:37:52.214826,1,1,7
ID_O52TU4,ID_A47F76VX,11:39:02.565151,1,1,9
ID_LC5LJX,ID_A47F76VX,11:38:27.304854,1,1,9
ID_06XNM5,ID_A47F76VX,16:40:49.679154,1,1,7
ID_183IIQ,ID_A47F76VX,08:11:41.319776,1,1,14
ID_WXIWC8,ID_A47F76VX,15:24:22.631439,1,1,21
ID_GCOB3J,ID_TRKNIRH1,17:49:49.673854,1,1,17
ID_2WS956,ID_TRKNIRH1,17:08:00.644414,1,1,17
ID_J2D0N2,ID_TRKNIRH1,13:03:54.953610,1,1,17
ID_AZ1OX9,ID_TRKNIRH1,17:34:55.943886,1,1,5
ID_GCOB3J,ID_SD1IV0P4,14:20:02.048703,1,1,9
ID_LZETUI,ID_SD1IV0P4,12:34:46.084565,1,1,9
ID_VMAW54,ID_SD1IV0P4,16:22:02.624547,1,1,7
ID_LC5LJX,ID_SD1IV0P4,11:13:27.211661,1,1,9
ID_06XNM5,ID_SD1IV0P4,12:42:53.020128,1,1,9
ID_GCOB3J,ID_OHF9F964,20:28:38.237708,1,1,7
ID_GWZR2P,ID_OHF9F964,20:29:04.781395,1,1,7
ID_8S1OVP,ID_OHF9F964,11:41:39.998690,1,1,25
ID_AZ1OX9,ID_OHF9F964,02:18:38.395594,1,1,6
ID_GCOB3J,ID_WIQA14K5,21:04:41.193983,1,1,7
ID_GWZR2P,ID_WIQA14K5,21:20:26.600926,1,1,7
ID_GCOB3J,ID_EPP97AH1,00:05:56.124812,1,1,8
ID_GWZR2P,ID_EPP97AH1,00:06:12.234213,1,1,8
ID_VIH0CB,ID_EPP97AH1,11:40:10.893001,1,1,25
ID_8S1OVP,ID_EPP97AH1,11:41:27.088444,1,1,25
ID_RAFDGN,ID_EPP97AH1,17:21:19.248188,1,1,11
ID_4PVVT3,ID_EPP97AH1,17:17:47.888737,1,1,11
ID_GWZR2P,ID_XHMLJX4I,08:19:57.400850,1,1,9
ID_GWZR2P,ID_XHMLJX4I,08:19:38.888343,1,1,9
ID_O52TU4,ID_XHMLJX4I,08:21:12.757098,1,1,9
ID_GWZR2P,ID_VQTQLQQB,09:01:22.616764,1,1,9
ID_2WS956,ID_VQTQLQQB,08:39:00.995187,1,1,9
ID_IRT1AX,ID_VQTQLQQB,11:17:51.158171,1,1,25
ID_LZETUI,ID_VQTQLQQB,08:39:32.097711,1,1,9
ID_O52TU4,ID_VQTQLQQB,08:38:47.961371,1,1,9
ID_GWZR2P,ID_TQM9E72F,17:04:17.551794,1,1,7
ID_GWZR2P,ID_TQM9E72F,17:05:21.221884,1,1,7
ID_VMAW54,ID_TQM9E72F,13:50:26.519319,1,1,7
ID_XCC6W4,ID_TQM9E72F,21:22:36.504694,1,1,5
ID_4PVVT3,ID_TQM9E72F,20:08:36.947369,1,1,11
ID_183IIQ,ID_TQM9E72F,07:19:03.127284,1,1,14
ID_0H4NG2,ID_TQM9E72F,17:24:22.746844,1,1,1
ID_0H4NG2,ID_TQM9E72F,17:22:40.657983,1,1,1
ID_GWZR2P,ID_MDMNDVNF,17:04:27.834356,1,1,7
ID_GWZR2P,ID_UPB47BLL,17:08:30.010734,1,1,7
ID_2WS956,ID_UPB47BLL,10:30:24.835888,1,1,9
ID_2FV7GY,ID_UPB47BLL,12:52:45.129685,1,1,1
ID_EY4LOW,ID_UPB47BLL,13:47:11.086669,1,1,7
ID_VMAW54,ID_UPB47BLL,13:56:55.287683,1,1,7
ID_O52TU4,ID_UPB47BLL,10:29:21.336571,1,1,9
ID_O52TU4,ID_UPB47BLL,12:57:35.809671,1,1,9
ID_VIH0CB,ID_UPB47BLL,16:32:19.323816,1,1,24
ID_LC5LJX,ID_UPB47BLL,12:53:45.851203,1,1,9
ID_183IIQ,ID_UPB47BLL,07:40:52.210103,1,1,14
ID_GWZR2P,ID_TKS7NQ48,13:40:04.284413,1,1,21
ID_OEPBI2,ID_TKS7NQ48,17:01:58.928898,1,1,21
ID_EY4LOW,ID_TKS7NQ48,14:18:11.757033,1,1,21
ID_VMAW54,ID_TKS7NQ48,15:04:07.103469,1,1,21
ID_VIH0CB,ID_TKS7NQ48,16:27:29.793375,1,1,24
ID_LC5LJX,ID_TKS7NQ48,14:13:04.923578,1,1,21
ID_06XNM5,ID_TKS7NQ48,13:07:31.546834,1,1,21
ID_WXIWC8,ID_TKS7NQ48,15:01:36.998123,1,1,21
ID_WXIWC8,ID_TKS7NQ48,15:08:53.777528,1,1,21
ID_WXIWC8,ID_TKS7NQ48,16:52:44.866646,1,1,21
ID_WXIWC8,ID_TKS7NQ48,16:59:52.803101,1,1,21
ID_GWZR2P,ID_4DS3ZDJ2,18:19:18.495332,1,1,7
ID_2WS956,ID_4DS3ZDJ2,09:00:26.671915,1,1,9
ID_IRT1AX,ID_4DS3ZDJ2,10:11:27.521179,1,1,23
ID_VMAW54,ID_4DS3ZDJ2,18:20:24.890261,1,1,7
ID_O52TU4,ID_4DS3ZDJ2,08:59:33.938676,1,1,9
ID_LC5LJX,ID_4DS3ZDJ2,10:57:36.266657,1,1,9
ID_HQOJBS,ID_4DS3ZDJ2,10:13:10.790108,1,1,23
ID_X3K36G,ID_4DS3ZDJ2,10:12:18.636210,1,1,23
ID_GWZR2P,ID_BE45JKBG,13:20:46.248797,1,1,9
ID_EY4LOW,ID_BE45JKBG,13:28:22.095090,1,1,9
ID_O52TU4,ID_BE45JKBG,13:45:52.771504,1,1,9
ID_GWZR2P,ID_X4BO0YND,20:00:37.485626,1,1,7
ID_2WS956,ID_X4BO0YND,07:03:07.660748,1,1,9
ID_IRT1AX,ID_X4BO0YND,13:45:55.139688,1,1,23
ID_EY4LOW,ID_X4BO0YND,22:22:54.001923,1,1,3
ID_VMAW54,ID_X4BO0YND,13:51:59.677713,1,1,7
ID_AZ1OX9,ID_X4BO0YND,22:26:09.466177,1,1,3
ID_5EFKFF,ID_8TR2N13Q,06:29:55.154458,1,1,11
ID_5EFKFF,ID_N5T4H4U2,19:20:42.335154,1,1,15
ID_5EFKFF,ID_SLSAWSP7,20:50:15.415907,1,1,15
ID_5EFKFF,ID_MIWOBU0G,16:43:18.668169,1,2,20
ID_2WS956,ID_1IZ0GTAH,12:24:02.991277,1,1,17
ID_EY4LOW,ID_1IZ0GTAH,21:15:42.186752,1,1,3
ID_AZ1OX9,ID_1IZ0GTAH,13:59:29.984685,1,1,1
ID_2WS956,ID_W79CZ46B,16:31:53.302996,1,1,13
ID_RAFDGN,ID_W79CZ46B,16:31:47.248758,1,1,13
ID_AZ1OX9,ID_W79CZ46B,16:32:04.726379,1,1,13
ID_2WS956,ID_P916FDBR,16:26:19.375296,1,1,17
ID_J2D0N2,ID_P916FDBR,16:24:56.768270,1,1,17
ID_UI3DQF,ID_P916FDBR,16:25:27.552569,1,1,17
ID_2WS956,ID_CRRNZ62V,11:50:28.327435,1,1,11
ID_RAFDGN,ID_CRRNZ62V,11:26:05.136668,1,1,11
ID_LC5LJX,ID_CRRNZ62V,11:26:21.411912,1,1,11
ID_2WS956,ID_XVDCDH50,22:20:57.765568,1,1,23
ID_EY4LOW,ID_XVDCDH50,22:23:39.380553,1,1,23
ID_VMAW54,ID_XVDCDH50,23:24:53.367161,1,1,23
ID_2WS956,ID_5F9NZW6M,22:40:53.205806,1,1,19
ID_J2D0N2,ID_5F9NZW6M,20:33:17.237284,1,1,17
ID_J2D0N2,ID_5F9NZW6M,20:36:29.011888,1,1,17
ID_VKQCEJ,ID_5F9NZW6M,13:02:26.723449,1,1,24
ID_VKQCEJ,ID_5F9NZW6M,13:09:41.954861,1,1,24
ID_OEPBI2,ID_AQIBV924,17:01:34.495882,1,1,21
ID_N2R95F,ID_AQIBV924,17:04:53.687012,1,1,21
ID_IRT1AX,ID_MVWRQYKA,10:00:20.288243,1,1,23
ID_IRT1AX,ID_UMCUVYUV,11:30:05.654597,1,1,23
ID_IRT1AX,ID_D3UVPXOX,21:32:28.796500,1,1,23
ID_IRT1AX,ID_G8MVM42E,11:30:05.218309,1,1,26
ID_VIH0CB,ID_G8MVM42E,11:21:07.104734,1,1,26
ID_8S1OVP,ID_G8MVM42E,11:21:28.521102,1,1,26
ID_UI3DQF,ID_G8MVM42E,11:31:41.006348,1,1,26
ID_UKA4SO,ID_G8MVM42E,14:17:12.801487,1,12,28
ID_WXIWC8,ID_G8MVM42E,11:31:20.260563,1,1,26
ID_IRT1AX,ID_RIRPY9XW,12:10:11.457846,1,1,26
ID_O52TU4,ID_RIRPY9XW,09:10:17.807631,1,1,9
ID_8S1OVP,ID_RIRPY9XW,12:10:01.676310,1,1,26
ID_IRT1AX,ID_86CVTGTO,13:07:09.027607,1,1,26
ID_VIH0CB,ID_86CVTGTO,13:10:29.732143,1,1,26
ID_8S1OVP,ID_86CVTGTO,13:06:50.669703,1,1,26
ID_RAFDGN,ID_86CVTGTO,13:08:34.040388,1,1,26
ID_HQOJBS,ID_86CVTGTO,13:11:17.011857,1,1,26
ID_X3K36G,ID_86CVTGTO,13:10:55.330518,1,1,26
ID_IRT1AX,ID_7Q8ED57K,13:41:13.007252,1,1,25
ID_8S1OVP,ID_7Q8ED57K,13:40:05.205516,1,1,25
ID_LC5LJX,ID_7Q8ED57K,14:01:15.919561,1,1,9
ID_UI3DQF,ID_7Q8ED57K,18:29:02.005722,1,1,15
ID_4PVVT3,ID_7Q8ED57K,17:15:19.708238,1,1,11
ID_IRT1AX,ID_W942LN7F,12:21:59.726999,1,1,23
ID_KFGQRF,ID_W942LN7F,12:26:08.759717,1,1,23
ID_IRT1AX,ID_FT9I8T0Q,03:15:52.476829,1,1,24
ID_IRT1AX,ID_WPWX9JIA,13:40:24.628450,1,2,16
ID_IRT1AX,ID_T92N5NBN,13:51:56.369053,1,1,23
ID_HQOJBS,ID_T92N5NBN,14:11:24.056885,1,1,23
ID_IRT1AX,ID_QRKEM9KT,13:53:47.479774,1,1,23
ID_2FV7GY,ID_XI26BCDB,12:19:09.677863,1,1,5
ID_AZ1OX9,ID_XI26BCDB,12:18:42.865904,1,1,5
ID_06XNM5,ID_XI26BCDB,12:18:26.222539,1,1,5
ID_2FV7GY,ID_1IXLFBL0,12:15:54.700273,1,1,21
ID_LZETUI,ID_1IXLFBL0,14:17:35.994176,1,1,17
ID_VIH0CB,ID_1IXLFBL0,16:44:10.080315,1,1,24
ID_RAFDGN,ID_1IXLFBL0,12:13:25.598744,1,1,21
ID_183IIQ,ID_1IXLFBL0,12:16:29.828618,1,1,21
ID_2FV7GY,ID_ZELO1E3N,13:16:21.738170,1,1,1
ID_2FV7GY,ID_JAGR33YS,21:29:32.261070,1,1,3
ID_EY4LOW,ID_JAGR33YS,21:31:55.341893,1,1,3
ID_X5PLV5,ID_QKHJA5U9,21:05:19.693496,1,1,5
ID_EY4LOW,ID_29WTP570,13:06:38.522913,1,1,3
ID_EY4LOW,ID_29WTP570,19:33:41.020703,1,1,3
ID_AZ1OX9,ID_29WTP570,15:12:31.094417,1,1,5
ID_EY4LOW,ID_MNUN0Q5A,14:47:57.704191,1,1,3
ID_EY4LOW,ID_2D87FL7J,13:57:00.056863,1,1,3
ID_4PVVT3,ID_2D87FL7J,17:28:27.243733,1,1,11
ID_EY4LOW,ID_LSIU7P17,15:21:47.876925,1,1,3
ID_LC5LJX,ID_LSIU7P17,17:24:23.789335,1,1,17
ID_EY4LOW,ID_WXIO8176,15:27:29.436142,1,1,3
ID_X3K36G,ID_WXIO8176,16:54:30.888350,1,1,24
ID_EY4LOW,ID_BCZJIHNV,20:54:02.451443,1,1,3
ID_EY4LOW,ID_EDOLTBN7,22:49:39.579835,1,1,3
ID_WXIWC8,ID_EDOLTBN7,18:16:38.436559,1,1,21
ID_JFPPYO,ID_0SHLNT1X,12:32:16.584826,1,1,3
ID_JFPPYO,ID_AEPMXYOA,13:15:33.680225,1,1,3
ID_TV9UIV,ID_AEPMXYOA,13:16:07.908911,1,1,3
ID_JFPPYO,ID_6LC7MRM9,14:43:44.598924,1,1,5
ID_EXHMZ5,ID_6LC7MRM9,14:43:27.412579,1,1,5
ID_TV9UIV,ID_6LC7MRM9,14:43:59.589201,1,1,5
ID_JFPPYO,ID_58RN57JT,17:37:30.376923,1,1,5
ID_EXHMZ5,ID_58RN57JT,17:37:15.768859,1,1,5
ID_XCC6W4,ID_58RN57JT,17:50:15.425524,1,1,5
ID_XCC6W4,ID_58RN57JT,18:47:25.127721,1,1,5
ID_XCC6W4,ID_58RN57JT,18:10:15.307066,1,1,5
ID_XCC6W4,ID_58RN57JT,18:40:47.521552,1,1,5
ID_TV9UIV,ID_58RN57JT,17:37:38.912235,1,1,5
ID_JFPPYO,ID_29J8IAHO,15:47:28.494721,1,1,11
ID_EXHMZ5,ID_29J8IAHO,15:46:05.559643,1,1,11
ID_XCC6W4,ID_29J8IAHO,15:45:26.429863,1,1,11
ID_TV9UIV,ID_29J8IAHO,15:47:50.609225,1,1,11
ID_JFPPYO,ID_Y5D6LTDR,13:12:09.098130,1,1,23
ID_TV9UIV,ID_Y5D6LTDR,13:12:29.030793,1,1,23
ID_EEODEA,ID_7AYDNLJE,07:21:09.785343,1,1,9
ID_EEODEA,ID_YINLU546,07:45:16.370457,1,1,9
ID_EEODEA,ID_EC0ZFXWP,09:50:49.452469,1,1,9
ID_E0NHSS,ID_M4UKEVG6,06:19:19.187063,1,1,14
ID_E0NHSS,ID_NGE46H5V,06:32:30.856773,1,2,15
ID_E0NHSS,ID_8ECC89TK,22:38:35.425275,1,1,19
ID_E0NHSS,ID_XTZUCEHB,14:38:32.283676,1,1,23
ID_3XKIOF,ID_CKK2BCMY,13:30:04.912112,1,1,3
ID_VMAW54,ID_K5CNBB1X,13:52:59.356596,1,1,7
ID_VU85LR,ID_K5CNBB1X,05:33:28.463644,1,12,29
ID_VMAW54,ID_QVSCVUXW,18:54:36.055148,1,1,17
ID_4PVVT3,ID_QVSCVUXW,18:53:22.240806,1,1,17
ID_VMAW54,ID_CQ23EV8G,04:11:08.952569,1,1,14
ID_RAFDGN,ID_CQ23EV8G,04:10:31.876264,1,1,14
ID_AZ1OX9,ID_CQ23EV8G,10:51:58.057413,1,1,1
ID_LC5LJX,ID_CQ23EV8G,04:10:39.639913,1,1,14
ID_06XNM5,ID_CQ23EV8G,04:12:08.642788,1,1,14
ID_4PVVT3,ID_CQ23EV8G,04:10:06.110932,1,1,14
ID_VMAW54,ID_R09HV957,19:19:16.308599,1,1,7
ID_VMAW54,ID_0XD46RXY,20:21:00.648852,1,1,7
ID_VMAW54,ID_KF4PI76O,23:29:05.468738,1,1,7
ID_VKQCEJ,ID_KF4PI76O,14:20:49.303705,1,1,23
ID_RB6G64,ID_KF4PI76O,23:32:20.904019,1,1,7
ID_O52TU4,ID_2TRNWL76,08:56:15.476485,1,1,9
ID_183IIQ,ID_2TRNWL76,07:24:11.450111,1,1,14
ID_O52TU4,ID_5MT9BGHX,10:19:02.068795,1,1,9
ID_O52TU4,ID_CAF56X8R,12:39:23.083496,1,1,9
ID_LC5LJX,ID_CAF56X8R,12:39:20.647277,1,1,9
ID_O52TU4,ID_WKE4ZMZH,13:40:27.244212,1,1,9
ID_O52TU4,ID_PIIAYJVO,01:26:26.389680,1,1,18
ID_O52TU4,ID_NCZM5RWJ,19:35:46.968570,1,1,9
ID_O52TU4,ID_NDF6HRIQ,05:39:04.202801,1,1,18
ID_LC5LJX,ID_NDF6HRIQ,05:38:23.419739,1,1,18
ID_VIH0CB,ID_LSFLNLSY,13:52:59.024526,1,1,25
ID_4PVVT3,ID_LSFLNLSY,18:00:22.496859,1,1,11
ID_4NTWE5,ID_6NWT2NGR,23:28:44.858263,1,12,31
ID_AZ1OX9,ID_6NWT2NGR,11:37:18.479293,1,1,1
ID_LC5LJX,ID_6NWT2NGR,17:51:50.583076,1,1,9
ID_RAFDGN,ID_KSX7XHWI,21:54:55.261884,1,1,13
ID_RAFDGN,ID_CJSRH1UI,13:03:22.590898,1,1,11
ID_RAFDGN,ID_XJXURQNL,21:41:47.900182,1,1,13
ID_4PVVT3,ID_XJXURQNL,21:41:30.488620,1,1,13
ID_183IIQ,ID_XJXURQNL,10:37:30.731697,1,1,14
ID_RAFDGN,ID_GAO6MXXR,13:47:17.747490,1,1,23
ID_5BM2LU,ID_RPGHKEPG,11:34:45.916165,1,1,3
ID_AZ1OX9,ID_K826E45C,13:27:34.087474,1,1,1
ID_AZ1OX9,ID_SJD8B05K,14:44:32.474071,1,1,1
ID_AZ1OX9,ID_UMS75BV8,15:46:28.540721,1,1,11
ID_AZ1OX9,ID_HEVCM22Q,19:10:20.517084,1,1,1
ID_LC5LJX,ID_LU9CRF87,16:54:57.277821,1,1,13
ID_LC5LJX,ID_WOUV6BPC,11:35:05.132975,1,1,9
ID_4PVVT3,ID_WOUV6BPC,19:33:17.724175,1,1,13
ID_LC5LJX,ID_R00AHTOY,13:25:51.415412,1,1,15
ID_EXHMZ5,ID_4856WUKZ,22:07:34.942994,1,1,3
ID_EXHMZ5,ID_69ERQ6DX,22:07:59.735726,1,1,3
ID_MZC11A,ID_C78MA4IQ,10:13:25.320650,1,1,26
ID_XCC6W4,ID_2PM1IV9P,19:49:59.966114,1,1,5
ID_MNL3DD,ID_G9S6K2SW,14:04:07.119791,1,1,17
ID_MNL3DD,ID_3D9A1LYM,12:53:45.609107,1,1,15
ID_MNL3DD,ID_OSRWTQ0L,12:47:57.815832,1,1,25
ID_MNL3DD,ID_QW10DJGV,12:36:12.789221,1,1,23
ID_A1S4P3,ID_8V5LX70S,11:53:25.220503,1,1,25
ID_JU4W4O,ID_J1DNV3PX,08:28:10.064130,1,12,5
ID_JU4W4O,ID_J1DNV3PX,08:29:11.069614,1,12,5
ID_ZIZFPP,ID_J1DNV3PX,10:28:28.066001,1,12,16
ID_16T36X,ID_J1DNV3PX,11:38:56.007856,1,12,16
ID_OIGXGK,ID_TELWELZ0,15:52:37.106540,1,1,9
ID_31HAFP,ID_BWDAPEER,21:38:50.891849,1,1,5
ID_XFR0NE,ID_BWDAPEER,21:37:47.395274,1,1,5
ID_BLNNZD,ID_PCUKW6YQ,06:09:32.530473,1,2,15
ID_22LTZ1,ID_C4MFVBRV,12:45:28.983980,1,2,16
ID_4PVVT3,ID_YCIFFCJA,17:14:37.574965,1,1,11
ID_CZWVHQ,ID_3YX1PGJ1,14:02:51.545438,1,12,28
ID_VU85LR,ID_UVOAJFFR,11:00:49.069088,1,1,1
ID_VU85LR,ID_YVGPS54D,10:55:22.419127,1,1,9
ID_VU85LR,ID_LZ6CHUFU,11:46:49.289262,1,1,1
ID_VU85LR,ID_XH4PIFYL,20:49:27.311025,1,12,28
ID_VU85LR,ID_EMWATOK0,21:24:22.141143,1,1,5
ID_VU85LR,ID_UUSRFKUL,15:15:27.648920,1,1,9
ID_VU85LR,ID_A0V01O79,15:11:17.883843,1,1,21
ID_WKN6I8,ID_6RUX54I5,13:56:15.484417,1,12,19
ID_UQJ7N1,ID_E4LZLFAX,19:52:18.265020,1,1,21
ID_UQJ7N1,ID_E4LZLFAX,18:04:30.893264,1,1,22
ID_97T4NW,ID_YBKATRP2,10:51:00.213384,1,12,13
ID_8OGEVB,ID_2LHVWF4A,13:34:02.352858,1,12,16
ID_3O6J83,ID_SEV7OJW9,19:35:25.147138,1,1,16
ID_3O6J83,ID_SEV7OJW9,13:32:42.628876,1,1,21
ID_WP7PFE,ID_ASF2Z800,11:08:28.069853,1,1,25
ID_WP7PFE,ID_ASF2Z800,11:09:55.476546,1,1,25
ID_N09MUK,ID_ASF2Z800,16:07:19.116600,1,1,24
ID_N09MUK,ID_ASF2Z800,16:06:53.824530,1,1,24
ID_WXIWC8,ID_4JWH40NF,15:22:14.841288,1,1,21
ID_WXIWC8,ID_EHL6XACL,16:11:32.796701,1,1,21
ID_KFGQRF,ID_R48FY71V,14:41:52.154051,1,1,25
ID_XJD6LF,ID_NOY58Z0R,19:48:32.294268,1,1,3
ID_AJORM6,ID_G0CFJH9Z,12:39:00.893455,1,1,23
ID_4R4V7V,ID_JKCAR4CP,13:40:41.651137,1,1,25
ID_ILVXU4,ID_P7K6NTCC,06:29:55.223702,1,2,15
ID_ZGEWPJ,ID_LNXTXN3P,22:32:47.360368,1,1,5
ID_DK2VV3,ID_L9ELDRMB,06:12:27.399835,1,1,14
ID_DK2VV3,ID_GPXBD1BG,06:11:25.314720,1,1,14
ID_5MJRT0,ID_2F218EUV,21:53:36.148890,1,1,15
ID_RMQMJA,ID_9W2RXCMI,14:06:35.178439,1,1,23
ID_V5431U,ID_RQEQ74SK,13:03:58.602412,1,12,29
ID_V5431U,ID_7ICXZH0P,13:04:38.747046,1,12,29
