FeatureA,FeatureB,FeatureC,FeatureD,FeatureE,SecretCode,FeatureF,FeatureG,FeatureH,FeatureI,Country_ID,Comp_ID,End Time time,End Time Year,End Time Month,End Time Day_of_month,Start Time time,Start Time Year,Start Time Month,Start Time Day_of_month
"[2, 4]",[14],15.0,0,2,1,[3],[],[],,G3F0,ID_AU0T,21:05:00,2.0,6.0,19.0,07:00:00,2,6,19
[1],[],3.0,0,3,1,[1],[],[1],3.0,0Q35,ID_O21T,15:30:00,2.0,2.0,15.0,12:00:00,2,2,1
[1],[9],2.0,0,2,1,"[1, 5]",[5],[1],2.0,EGI9,ID_W6XE,21:59:00,2.0,5.0,9.0,08:00:00,2,3,28
[],[],1.0,0,2,1,[1],[4],[],,,ID_A2FN,12:00:00,2.0,6.0,22.0,12:00:00,2,6,12
[],[6],,0,2,0,[],[4],[2],9.0,,ID_X0PD,23:59:00,2.0,5.0,31.0,09:00:00,2,5,27
[1],[],9.0,0,2,1,[1],[],[1],9.0,DYYF,ID_381F,16:30:00,2.0,10.0,7.0,08:30:00,2,10,6
"[5, 2]",[15],10.0,1,2,0,[3],[],[3],10.0,ZEWU,ID_WWVF,00:00:00,3.0,10.0,29.0,00:00:00,3,9,3
[],[],2.0,0,3,1,[1],[3],[],2.0,DYYF,ID_3MK3,09:30:00,1.0,1.0,24.0,09:30:00,1,1,23
[1],[6],21.0,0,2,0,[3],[3],[3],21.0,,ID_W9RN,23:59:00,2.0,5.0,3.0,12:00:00,2,5,1
[1],[],2.0,0,3,1,[1],[],[1],2.0,X9GR,ID_XEGI,22:59:00,2.0,1.0,11.0,16:00:00,2,12,23
[1],[9],2.0,0,2,1,[1],[],[1],2.0,,ID_RBCT,15:00:00,2.0,10.0,28.0,09:00:00,2,10,27
[1],[],25.0,0,2,1,[1],[],[1],25.0,0Q35,ID_BGIG,18:00:00,3.0,1.0,27.0,09:00:00,3,1,27
[1],[],2.0,0,3,1,[1],[],[1],2.0,,ID_70XX,14:00:00,3.0,3.0,26.0,06:00:00,3,1,19
[2],[],6.0,1,2,0,[9],[],[9],6.0,,ID_PA74,23:59:00,2.0,2.0,30.0,06:00:00,2,12,6
[],[],,0,2,0,[],[],[],,,ID_H4V5,08:00:00,2.0,2.0,2.0,08:00:00,2,1,30
[1],[],2.0,0,2,1,[1],[],[1],2.0,,ID_6QJX,14:30:00,2.0,1.0,23.0,05:00:00,2,1,21
[1],[],,0,2,1,[7],[3],[7],33.0,,ID_89DI,05:59:00,1.0,3.0,30.0,09:00:00,1,3,29
"[3, 2]",[14],7.0,0,3,1,[2],[],[2],7.0,,ID_S5ED,22:00:00,3.0,5.0,11.0,08:00:00,3,2,2
[1],[10],,0,2,0,[1],[],[1],,,ID_EUJS,23:59:00,2.0,1.0,6.0,11:59:00,2,1,4
[],[],,0,2,1,[],[],[],,DYYF,ID_Q02Q,13:45:00,2.0,2.0,14.0,08:00:00,2,2,14
[3],[12],4.0,0,2,0,[2],[],[2],4.0,,ID_ZXV0,12:00:00,2.0,4.0,5.0,12:00:00,2,3,27
"[6, 1]",[],22.0,0,2,1,[1],[],[1],22.0,,ID_WOCO,17:00:00,3.0,2.0,25.0,08:00:00,3,2,25
[1],[],11.0,0,3,1,[1],[],[1],11.0,X9GR,ID_U2NJ,15:00:00,3.0,1.0,18.0,23:00:00,3,1,11
[1],[],21.0,0,2,1,[3],[],[3],21.0,,ID_CZ9S,16:30:00,3.0,10.0,21.0,09:00:00,3,10,21
[2],[],18.0,0,2,1,[],[],[],18.0,,ID_OYCF,18:00:00,2.0,10.0,28.0,09:30:00,2,10,27
[2],[],17.0,1,1,0,[2],[],[2],17.0,4PRY,ID_H3QQ,00:00:00,3.0,9.0,17.0,00:00:00,4,5,18
[1],[9],23.0,0,2,1,[1],[],[1],23.0,H03V,ID_9ZB7,17:00:00,3.0,5.0,17.0,08:00:00,3,5,17
[1],[16],2.0,1,2,0,[1],[5],[1],2.0,,ID_E1KX,00:00:00,4.0,2.0,1.0,00:00:00,4,10,26
[1],[],2.0,0,3,1,[1],[],[1],2.0,X9GR,ID_6TH5,11:00:00,3.0,6.0,21.0,11:00:00,3,6,16
[1],[],20.0,0,2,1,[1],[],[1],20.0,DYYF,ID_Q8XJ,09:05:00,2.0,11.0,10.0,21:05:00,2,11,9
[],[14],1.0,1,1,0,[4],[],[4],1.0,,ID_MRYN,23:59:00,2.0,12.0,31.0,17:00:00,3,1,29
[2],"[14, 8]",15.0,1,2,0,[9],[],[9],15.0,,ID_UCC7,23:59:00,2.0,3.0,29.0,06:00:00,2,12,28
[1],[],2.0,0,2,1,[2],[],[2],2.0,DYYF,ID_1HUO,21:00:00,3.0,6.0,8.0,19:00:00,3,6,6
[1],[],31.0,0,2,1,[1],[],[1],31.0,X9GR,ID_IRWB,18:00:00,3.0,6.0,28.0,09:00:00,3,6,28
[1],[],29.0,0,2,1,[1],[],[1],29.0,,ID_RN5G,20:59:00,2.0,6.0,21.0,14:00:00,2,4,3
[1],[5],4.0,0,2,0,[1],[5],[],4.0,G3F0,ID_UU4Y,23:59:00,1.0,2.0,3.0,11:00:00,1,2,1
[1],[7],4.0,1,1,0,[1],[5],[1],4.0,,ID_2MIC,23:59:00,1.0,4.0,25.0,06:00:00,1,1,24
[6],[],1.0,0,2,1,[1],[],[1],1.0,03GB,ID_TJK9,23:59:00,3.0,7.0,12.0,10:59:00,3,7,11
[1],[],5.0,0,2,1,[1],[],[1],5.0,,ID_CS26,14:00:00,3.0,7.0,13.0,08:00:00,3,7,12
"[1, 6]",[],12.0,0,3,1,[1],[],[1],12.0,X9GR,ID_XDE3,15:00:00,3.0,12.0,30.0,19:00:00,3,12,23
[1],[7],9.0,1,2,0,[9],[],[9],9.0,H03V,ID_D5GE,23:59:00,3.0,1.0,7.0,06:00:00,3,11,2
"[1, 5, 4]","[5, 7]",,1,2,0,[9],[],[9],,N6EN,ID_208Z,23:59:00,3.0,12.0,17.0,00:00:00,4,7,2
"[4, 7, 2]",[],27.0,1,2,0,[9],[4],[9],27.0,,ID_V0UK,00:00:00,4.0,2.0,30.0,00:00:00,4,1,7
[1],[],2.0,0,3,1,[1],[],[1],2.0,X9GR,ID_GJXR,22:59:00,3.0,5.0,3.0,06:00:00,3,4,9
"[3, 2]",[14],7.0,0,2,0,[2],[],[2],7.0,,ID_5BJR,23:59:00,3.0,11.0,26.0,11:59:00,3,11,24
[1],[],29.0,0,2,0,[1],[],[1],29.0,,ID_SHV2,23:59:00,3.0,12.0,17.0,11:59:00,3,12,15
"[3, 2]",[],6.0,0,2,0,[2],[],[2],6.0,,ID_P0LI,20:59:00,3.0,1.0,21.0,06:59:00,3,1,19
"[3, 2]",[],29.0,0,2,1,[2],[],[2],29.0,DYYF,ID_TDAE,19:00:00,3.0,7.0,27.0,19:00:00,3,7,26
[1],[],9.0,0,3,0,[1],[],[1],9.0,H03V,ID_P6MW,17:00:00,3.0,1.0,27.0,07:45:00,3,1,27
[8],[14],1.0,0,3,1,[7],[],[7],1.0,ZEWU,ID_LAVL,14:00:00,3.0,3.0,26.0,07:00:00,3,3,4
[1],[],8.0,0,2,1,[2],[],[2],8.0,QTEJ,ID_4B7L,23:59:00,2.0,9.0,21.0,23:59:00,2,9,19
[1],[7],4.0,0,3,1,[1],[],[1],4.0,X9GR,ID_MCI7,17:00:00,3.0,2.0,26.0,08:00:00,3,2,22
[1],[],8.0,0,3,1,[2],[],[2],8.0,DYYF,ID_ULBC,22:59:00,3.0,3.0,27.0,08:00:00,3,3,18
[1],[],5.0,0,2,1,[2],[],[2],5.0,DYYF,ID_65GC,02:00:00,3.0,4.0,14.0,14:00:00,3,4,11
[1],[],25.0,0,3,1,[1],[],[1],25.0,X9GR,ID_8FTV,22:59:00,3.0,3.0,22.0,08:00:00,3,3,8
[1],[],11.0,0,2,1,[1],[],[1],11.0,,ID_1Q62,15:30:00,3.0,4.0,19.0,08:00:00,3,4,19
"[1, 3]",[],6.0,0,2,1,[2],[],[2],6.0,SIQF,ID_I3OK,18:00:00,3.0,5.0,24.0,09:00:00,3,5,24
"[2, 3]",[],34.0,0,2,1,[2],[],[2],34.0,DYYF,ID_44UB,18:00:00,3.0,5.0,17.0,09:00:00,3,5,17
[1],[],9.0,0,3,1,[1],[],[1],9.0,YSLJ,ID_UAQB,15:00:00,3.0,5.0,31.0,07:00:00,3,5,31
[1],[],2.0,0,3,1,"[1, 5]",[5],[1],2.0,0Q35,ID_P8BQ,12:00:00,3.0,7.0,13.0,12:00:00,3,6,28
[1],[],2.0,0,3,1,"[1, 5]",[5],[1],2.0,ZEWU,ID_3URQ,23:59:00,3.0,7.0,18.0,23:59:00,3,7,7
[1],[],31.0,0,2,1,[1],[],[1],31.0,X9GR,ID_C8Q1,16:30:00,3.0,7.0,18.0,16:30:00,3,7,14
[1],[],35.0,0,2,1,[1],[],[1],35.0,ZEWU,ID_3UCL,08:00:00,3.0,7.0,20.0,08:00:00,3,7,19
[1],[12],4.0,0,2,0,[1],[],[1],4.0,,ID_G2JT,18:00:00,2.0,11.0,10.0,09:30:00,2,11,10
[],[],2.0,0,2,1,[2],[3],[2],2.0,X9GR,ID_A3AQ,22:59:00,2.0,5.0,17.0,09:00:00,2,5,1
[5],[15],10.0,1,2,0,[1],[],[1],10.0,,ID_DFKK,23:59:00,2.0,2.0,4.0,06:00:00,2,10,26
[1],[12],4.0,0,3,1,[1],[],[1],4.0,,ID_84NC,23:59:00,2.0,2.0,19.0,06:00:00,2,12,14
[3],[12],4.0,0,2,0,[2],[],[2],4.0,,ID_REO7,23:59:00,2.0,3.0,8.0,11:59:00,2,3,6
[1],[],21.0,0,3,1,[3],[],[3],21.0,X9GR,ID_5GMH,22:59:00,2.0,1.0,11.0,16:00:00,2,12,23
[1],[],8.0,0,2,1,[2],[5],[1],,DYYF,ID_5C2H,23:59:00,2.0,6.0,21.0,10:00:00,2,6,18
[1],[9],2.0,0,3,1,"[1, 5]",[5],[1],2.0,N6EN,ID_CMER,23:59:00,2.0,3.0,15.0,14:00:00,2,2,23
[1],[1],37.0,1,2,0,[1],[4],[1],37.0,,ID_0Y9T,00:00:00,3.0,9.0,10.0,00:00:00,4,5,11
"[6, 1]",[],22.0,0,2,1,[1],[],[1],22.0,F7QA,ID_TBXU,18:00:00,3.0,2.0,25.0,09:00:00,3,2,25
[1],[],36.0,0,2,1,[1],[],[1],36.0,KYT4,ID_8MYR,17:00:00,2.0,3.0,29.0,12:00:00,2,3,23
[5],[15],,0,2,0,[7],[],[7],,,ID_MCVZ,23:59:00,2.0,2.0,4.0,11:59:00,2,2,2
[1],[],,0,2,1,[2],[5],[2],,X9GR,ID_NLBB,23:00:00,2.0,4.0,23.0,15:00:00,2,4,16
[2],[],,1,2,0,[1],[4],[],,,ID_YDM3,23:59:00,1.0,12.0,1.0,06:00:00,1,9,3
[4],[1],13.0,0,2,0,[2],[5],[2],,,ID_265I,23:59:00,2.0,4.0,5.0,11:59:00,2,4,3
"[2, 4]",[14],15.0,1,3,0,[3],[],[3],15.0,,ID_51ZG,,,,,10:00:00,3,12,1
[4],[15],,0,2,1,"[2, 3]",[4],[],,,ID_OMHL,12:00:00,2.0,5.0,10.0,13:00:00,2,5,7
[1],[],29.0,0,2,1,[],[5],[],29.0,,ID_N7SJ,15:00:00,2.0,7.0,21.0,06:00:00,2,7,17
[5],[15],,1,2,0,[7],[],[7],,,ID_XOAY,23:59:00,2.0,5.0,3.0,00:01:00,2,2,5
[1],[],2.0,0,2,1,[7],[],[7],2.0,,ID_ORJ0,16:30:00,3.0,10.0,21.0,09:00:00,3,10,21
[1],"[14, 7]",28.0,1,2,0,[7],[],[7],28.0,G3F0,ID_HGJN,23:59:00,3.0,12.0,31.0,15:00:00,3,10,14
"[2, 3]",[14],6.0,1,2,0,"[1, 11]",[3],[1],6.0,,ID_J5IZ,00:00:00,5.0,6.0,26.0,00:00:00,5,4,4
[1],[14],1.0,1,2,0,[1],[],[1],1.0,,ID_CR6P,23:59:00,3.0,3.0,30.0,06:00:00,3,2,27
[1],[],30.0,0,2,1,[1],[],[1],30.0,,ID_ZGS4,16:30:00,3.0,10.0,21.0,09:00:00,3,10,21
[1],[],5.0,0,2,0,[1],[],[1],5.0,,ID_3IOH,23:59:00,3.0,11.0,5.0,11:59:00,3,11,3
[1],[],36.0,0,2,1,[1],[],[1],36.0,,ID_NNXV,15:00:00,2.0,10.0,28.0,09:00:00,2,10,27
[1],[],32.0,0,3,1,[1],[],[1],32.0,YSLJ,ID_Q0Q9,16:00:00,3.0,12.0,4.0,16:00:00,3,12,1
"[1, 6]",[],12.0,0,3,1,[1],[],[1],12.0,,ID_U1S6,21:59:00,3.0,4.0,7.0,08:00:00,3,12,11
"[2, 3]",[],6.0,0,2,0,[2],[],[2],6.0,,ID_LNF6,23:59:00,3.0,12.0,10.0,11:59:00,3,12,8
[1],"[6, 5]",9.0,1,2,0,[2],[3],[2],9.0,ZEWU,ID_9SBO,00:00:00,4.0,11.0,29.0,00:00:00,5,6,30
[1],[],4.0,1,2,0,[1],[],[1],4.0,G3F0,ID_CVUS,23:59:00,2.0,1.0,6.0,12:00:00,2,11,30
[5],[16],5.0,0,2,0,[3],[],[3],5.0,,ID_OINS,23:59:00,3.0,1.0,14.0,11:59:00,3,1,12
[1],[],25.0,0,2,1,[1],[],[1],25.0,KYT4,ID_P87E,19:00:00,3.0,1.0,27.0,10:00:00,3,1,27
[1],[],25.0,0,2,1,[1],[],[1],25.0,YSLJ,ID_30XH,17:00:00,3.0,1.0,27.0,08:00:00,3,1,27
"[1, 6]",[],12.0,0,3,1,[1],[],[1],12.0,ZEWU,ID_64I3,14:00:00,3.0,3.0,26.0,06:00:00,3,2,20
[1],[],5.0,0,3,1,[2],[],[2],5.0,X9GR,ID_U18G,11:00:00,3.0,2.0,17.0,11:00:00,3,2,10
"[7, 3, 2]",[15],10.0,1,2,0,[2],[],[2],10.0,G3F0,ID_7079,23:59:00,3.0,6.0,29.0,06:00:00,3,4,11
[1],[],33.0,0,3,1,[1],[],[1],33.0,X9GR,ID_ONW3,22:59:00,3.0,3.0,22.0,08:00:00,3,3,8
"[1, 6]",[],12.0,0,3,1,[1],[],[1],12.0,,ID_0GRZ,22:00:00,2.0,10.0,30.0,08:00:00,3,4,28
"[1, 6]",[],16.0,1,2,0,[1],[],[1],16.0,ZEWU,ID_66QC,23:59:00,2.0,8.0,24.0,06:00:00,3,4,17
[1],[],35.0,0,2,1,[1],[],[1],35.0,,ID_8LGP,13:00:00,3.0,7.0,14.0,05:00:00,3,7,12
"[1, 6]",[],,0,2,1,[1],[],[1],,,ID_63DF,23:59:00,2.0,11.0,5.0,10:00:00,2,8,25
[1],[],25.0,0,3,1,[1],[],[1],25.0,0Q35,ID_ISCU,23:59:00,3.0,4.0,23.0,09:00:00,3,4,7
[3],[],6.0,0,2,1,[2],[],[2],6.0,,ID_ZD6R,14:00:00,2.0,9.0,28.0,06:00:00,2,9,26
[1],[],2.0,0,3,1,"[1, 5]",[5],[1],2.0,OU72,ID_UNH6,12:00:00,2.0,12.0,23.0,12:00:00,2,12,22
"[2, 4]",[14],15.0,0,2,1,[3],[],[3],15.0,G3F0,ID_W3NK,18:30:00,2.0,2.0,29.0,05:00:00,2,2,6
[1],[],3.0,0,2,1,[1],[],[1],3.0,ZEWU,ID_PR4E,15:00:00,2.0,4.0,26.0,06:00:00,2,4,25
[1],[9],2.0,0,3,1,"[1, 5]",[5],[],2.0,DYYF,ID_R181,08:00:00,2.0,5.0,10.0,08:00:00,2,5,9
[1],"[7, 5, 14]",15.0,0,2,0,[1],[],[1],15.0,G3F0,ID_T2XN,12:00:00,2.0,11.0,30.0,06:00:00,2,11,29
[4],[14],1.0,0,2,1,"[3, 2]",[],"[3, 2]",1.0,QTEJ,ID_8OX0,23:59:00,2.0,1.0,1.0,23:59:00,2,11,16
[1],[],26.0,1,2,0,[1],[],[1],26.0,H03V,ID_53GM,23:59:00,3.0,4.0,13.0,06:00:00,3,2,1
[1],"[12, 16]",,0,2,1,"[1, 5]",[5],[1],,,ID_6TM0,10:55:00,2.0,5.0,8.0,10:00:00,2,5,4
[1],[],,0,2,0,[1],[5],[1],,,ID_64EM,23:59:00,1.0,1.0,5.0,11:00:00,1,1,3
[],[],,1,2,0,[8],[4],[8],,G3F0,ID_NKEA,23:59:00,1.0,8.0,16.0,12:00:00,2,5,13
[1],[],31.0,0,3,1,[1],[],[],,X9GR,ID_FCRM,23:59:00,1.0,12.0,21.0,23:59:00,1,12,14
[1],[],18.0,1,2,0,[2],[],[2],18.0,,ID_A1ZA,23:59:00,2.0,9.0,21.0,07:00:00,3,6,17
"[4, 2]",[1],14.0,1,3,0,"[3, 2]",[4],[3],14.0,DYYF,ID_PH4T,,,,,00:00:00,4,4,20
"[2, 3]",[14],6.0,1,2,0,"[2, 11]",[3],[2],,,ID_LFJT,00:00:00,5.0,6.0,13.0,00:00:00,5,4,5
"[2, 10, 3]",[],28.0,1,2,0,[10],[],[10],28.0,,ID_XA3H,23:59:00,3.0,3.0,2.0,07:00:00,3,1,1
"[1, 4, 5]","[5, 7]",,1,2,0,[7],[],[7],,N6EN,ID_44CX,23:59:00,3.0,12.0,17.0,00:00:00,4,7,2
[5],[15],10.0,1,2,0,[2],[4],[2],10.0,GYYX,ID_WZ0H,23:59:00,1.0,5.0,31.0,06:00:00,1,4,5
[7],[2],29.0,0,2,0,"[2, 8]",[3],"[2, 8]",,,ID_5KD8,23:59:00,1.0,3.0,7.0,11:00:00,1,3,5
[1],[],2.0,0,3,1,[2],[5],[1],,,ID_61E9,14:00:00,1.0,3.0,19.0,10:00:00,1,3,19
[1],[5],4.0,1,2,0,[1],[5],[1],4.0,G3F0,ID_KU2G,23:59:00,1.0,5.0,2.0,06:00:00,1,2,4
"[2, 4, 5]",[15],10.0,1,2,0,"[1, 3]",[],"[1, 3]",10.0,ZEWU,ID_9BU8,23:59:00,2.0,9.0,7.0,01:59:00,3,5,21
[4],[15],,1,2,0,"[2, 3]",[],"[2, 3]",,G3F0,ID_BR9A,23:59:00,2.0,6.0,21.0,06:00:00,2,3,20
[1],[],25.0,0,2,1,[1],[5],[2],25.0,,ID_6OL0,10:00:00,1.0,6.0,16.0,07:00:00,1,6,14
[1],[],,0,2,1,[],[3],[2],,,ID_X2AS,05:59:00,1.0,3.0,30.0,09:00:00,1,3,29
[1],[],,1,2,0,[1],[3],[1],,,ID_BZV0,23:59:00,1.0,8.0,23.0,06:00:00,2,4,24
[1],[],31.0,1,3,0,[1],[3],[],,,ID_F5JG,06:00:00,1.0,10.0,18.0,23:00:00,1,9,28
[],[],2.0,0,2,0,[],[3],[],2.0,,ID_GAV9,23:59:00,1.0,3.0,8.0,02:00:00,1,2,15
[1],"[5, 6]",9.0,1,3,0,[7],[],[],,ZEWU,ID_NKJR,,,,,06:00:00,1,10,29
[1],[],31.0,0,2,0,[1],[],[1],31.0,,ID_SHBM,23:59:00,3.0,12.0,24.0,11:59:00,3,12,22
[1],[10],,1,2,0,[1],[],[1],,,ID_RAP1,23:59:00,2.0,3.0,29.0,23:59:00,2,1,6
[1],[16],5.0,0,2,1,[1],[5],[1],5.0,GYYX,ID_IMTG,16:00:00,1.0,5.0,22.0,05:13:00,1,5,15
[4],[2],,0,2,1,[2],[3],[2],,ZEWU,ID_ECPR,16:00:00,1.0,6.0,24.0,19:00:00,1,6,21
[1],[9],2.0,0,3,1,[1],[5],[1],2.0,,ID_FN7K,14:00:00,1.0,2.0,9.0,05:00:00,1,2,9
[8],[14],1.0,1,1,0,[7],[3],[7],1.0,ZEWU,ID_LSIO,00:00:00,4.0,3.0,5.0,00:00:00,4,11,11
[4],[1],13.0,0,2,1,[2],[5],"[2, 3]",,,ID_EJ2F,14:00:00,1.0,8.0,29.0,06:00:00,1,8,27
[2],[],28.0,1,2,0,[9],"[5, 3, 4]",[9],28.0,,ID_HCST,23:59:00,1.0,11.0,10.0,12:00:00,1,8,7
[],[],19.0,1,2,0,[10],[],[10],19.0,,ID_NT1N,23:59:00,2.0,12.0,9.0,06:00:00,2,10,9
[1],[14],6.0,1,3,0,"[1, 12]",[3],[1],6.0,X9GR,ID_6E1C,,,,,00:00:00,5,5,11
[1],[9],8.0,1,3,0,[2],[5],[2],8.0,DYYF,ID_1CTF,,,,,00:00:00,4,4,20
[1],[9],2.0,1,3,0,[1],[5],[1],2.0,,ID_F7QD,,,,,00:00:00,4,2,29
"[3, 7]",[],,0,2,1,[],[3],[8],,,ID_XUWA,23:59:00,1.0,9.0,13.0,12:00:00,1,9,5
[1],[],29.0,1,2,0,[1],[],[1],29.0,SE4K,ID_D6NX,23:59:00,3.0,3.0,16.0,08:00:00,3,12,18
[1],[],25.0,1,2,0,[1],[],[1],25.0,KYT4,ID_G5IQ,23:59:00,2.0,6.0,28.0,06:00:00,2,3,27
[1],"[12, 16]",,1,2,0,"[1, 5]",[5],[1],,,ID_WPP3,00:00:00,3.0,9.0,24.0,00:00:00,4,6,25
[1],[],3.0,1,2,0,[1],[5],[1],3.0,,ID_1ZWS,23:59:00,2.0,1.0,27.0,06:00:00,2,10,26
"[3, 7]",[],13.0,1,2,0,[8],[],[8],13.0,KYT4,ID_W18I,23:59:00,2.0,12.0,23.0,09:00:00,2,9,12
"[5, 4]",[15],10.0,1,2,0,"[2, 13]",[4],[2],10.0,,ID_GVGW,00:00:00,4.0,4.0,16.0,00:00:00,4,10,4
[3],[12],4.0,1,1,0,[2],[],[2],4.0,,ID_G05Z,23:59:00,2.0,6.0,14.0,00:01:00,2,3,9
[1],[9],2.0,1,2,0,[2],[5],[2],2.0,G3F0,ID_Y4Y2,00:00:00,4.0,4.0,23.0,00:00:00,4,12,20
[1],[],2.0,1,2,0,[2],[4],[2],2.0,,ID_56O8,23:59:00,1.0,2.0,24.0,06:00:00,1,1,22
"[2, 3]",[],,1,2,0,[6],[],[6],,X9GR,ID_KHED,23:59:00,2.0,12.0,30.0,05:59:00,3,7,4
[4],[2],,0,2,0,[2],[3],[],,ZEWU,ID_M7TY,23:59:00,2.0,6.0,7.0,12:00:00,2,6,5
[],[],,0,2,1,[],[],[],,,ID_N9IS,12:00:00,1.0,9.0,19.0,12:00:00,1,9,18
[2],[],28.0,1,2,0,[10],[5],[10],28.0,YSLJ,ID_7CF2,23:59:00,1.0,3.0,7.0,08:00:00,1,2,7
[1],[7],4.0,1,1,0,[1],[5],[1],4.0,,ID_0W7H,23:59:00,1.0,4.0,25.0,06:00:00,1,1,24
[],[],,0,3,1,[],[5],[1],31.0,X9GR,ID_528W,22:59:00,1.0,2.0,3.0,22:59:00,1,12,28
[5],[],10.0,0,2,1,[2],[],[2],10.0,DYYF,ID_IV5D,14:00:00,1.0,11.0,23.0,20:00:00,1,11,22
[4],[1],13.0,1,3,0,[2],[5],[2],13.0,,ID_AL6C,,,,,23:59:00,2,4,5
[1],[],2.0,1,2,0,[7],[3],[7],2.0,,ID_CYEF,23:59:00,1.0,6.0,27.0,15:00:00,1,6,1
[1],[7],4.0,1,3,0,[1],[5],[1],4.0,,ID_J883,,,,,06:00:00,3,2,3
[4],[7],9.0,1,3,0,"[3, 2]",[5],[3],9.0,,ID_VGMZ,,,,,00:00:00,4,3,30
[1],[],25.0,1,3,1,[1],[],[],,,ID_T55S,12:00:00,1.0,12.0,1.0,13:00:00,1,9,24
[4],[15],10.0,1,2,0,"[3, 1]",[],"[3, 1]",10.0,GYYX,ID_KGUF,23:59:00,3.0,5.0,4.0,07:00:00,3,3,28
"[2, 4]",[14],15.0,0,2,0,[3],[],[3],15.0,,ID_C7ZC,23:59:00,3.0,11.0,19.0,11:59:00,3,11,17
[1],[1],13.0,1,2,0,[1],[3],[1],13.0,ZEWU,ID_IQLI,00:00:00,4.0,8.0,14.0,00:00:00,5,4,6
"[1, 7]",[],,1,2,0,[2],[3],[2],4.0,G3F0,ID_8B8I,11:59:00,1.0,2.0,26.0,07:00:00,1,2,7
[1],[14],1.0,1,2,0,[7],[],[7],1.0,,ID_XGAO,23:59:00,3.0,11.0,19.0,17:00:00,3,10,13
[1],[],8.0,0,2,1,[2],[],[],,,ID_D242,23:30:00,1.0,12.0,29.0,10:30:00,1,12,28
"[2, 3]",[],,1,2,0,[6],[],[6],,,ID_OP12,23:59:00,2.0,12.0,30.0,06:00:00,3,7,18
"[3, 2]",[],6.0,1,2,0,[2],[],[2],6.0,N6EN,ID_KESL,23:59:00,2.0,12.0,9.0,06:00:00,2,8,22
[1],"[7, 5]",,0,2,1,[2],[3],[2],4.0,,ID_EPVA,09:00:00,1.0,10.0,25.0,21:00:00,1,10,23
[2],[],28.0,0,2,1,[6],[3],[6],28.0,,ID_5NAE,05:59:00,1.0,3.0,30.0,09:00:00,1,3,29
[1],[],18.0,1,3,0,[2],[4],[2],,,ID_WWZ3,06:00:00,1.0,10.0,18.0,23:00:00,1,9,28
[1],[12],4.0,0,2,1,[1],[],[],,,ID_QZNG,05:00:00,1.0,10.0,25.0,05:00:00,1,9,26
[4],[1],24.0,0,2,1,"[3, 2]",[],[],,,ID_M3ST,08:00:00,1.0,9.0,27.0,18:00:00,1,9,26
[1],[7],4.0,0,2,0,[1],[],[1],4.0,,ID_M3O9,23:59:00,3.0,11.0,12.0,11:59:00,3,11,10
[4],[14],1.0,1,1,0,"[2, 3]",[],"[2, 3]",1.0,,ID_P9B6,23:59:00,3.0,6.0,15.0,07:00:00,3,3,14
"[1, 6]",[],,1,1,0,[1],[5],[1],,,ID_3RMM,23:59:00,2.0,3.0,15.0,06:00:00,2,11,16
[2],[9],2.0,1,3,0,"[2, 11]",[3],[2],2.0,DYYF,ID_JX23,,,,,00:00:00,4,4,20
[1],"[7, 5]",,1,1,0,[2],[5],[2],4.0,,ID_BXIL,23:59:00,1.0,4.0,30.0,06:00:00,1,3,15
[1],[9],2.0,1,1,0,[1],[5],[1],2.0,G3F0,ID_8SHD,00:00:00,4.0,7.0,2.0,00:00:00,4,3,30
"[3, 2]",[14],1.0,1,2,0,[2],[],[2],1.0,ZEWU,ID_YCUK,23:59:00,3.0,2.0,5.0,09:00:00,3,11,26
"[1, 9]",[15],10.0,1,2,0,[7],[3],[7],10.0,KYT4,ID_0SN1,00:00:00,4.0,5.0,21.0,00:00:00,4,2,29
[1],[9],2.0,1,3,0,[1],[5],[1],,X9GR,ID_V0FX,,,,,00:00:00,5,5,11
[4],[6],,1,2,0,[2],[4],[2],,,ID_3AG0,23:59:00,1.0,11.0,21.0,12:00:00,2,6,19
[4],[1],24.0,1,3,0,"[3, 2]",[3],[3],24.0,,ID_XDNX,,,,,00:00:00,4,4,2
[4],[15],10.0,0,2,0,"[2, 3]",[5],"[2, 3]",10.0,GYYX,ID_HCN1,23:59:00,1.0,5.0,10.0,11:00:00,1,5,7
"[3, 2]",[],6.0,1,3,0,[2],[],[2],6.0,,ID_6IDY,,,,,06:00:00,3,2,9
[1],[],11.0,1,3,0,[1],[],[1],11.0,X9GR,ID_540G,,,,,00:00:00,4,6,19
[1],[14],6.0,1,2,0,"[1, 12]",[],[],,,ID_D3SA,23:59:00,1.0,11.0,16.0,04:00:00,1,10,15
[1],[],5.0,1,3,0,[1],[],[1],5.0,,ID_GWL0,,,,,12:00:00,3,1,5
[1],[14],1.0,1,2,0,[2],[3],[2],1.0,,ID_DD5S,23:59:00,1.0,9.0,13.0,12:00:00,2,5,19
"[1, 6]",[],12.0,1,2,0,[1],[3],[1],12.0,ZEWU,ID_N5MO,00:00:00,4.0,6.0,26.0,00:00:00,4,3,23
"[2, 3]",[],6.0,1,3,0,[2],[],[2],6.0,,ID_UILN,,,,,06:00:00,3,1,19
[1],[9],2.0,0,1,1,[2],[5],[2],2.0,SM32,ID_0CNQ,23:59:00,1.0,6.0,21.0,15:00:00,1,5,21
[1],"[12, 16]",,1,1,0,"[1, 5]",[5],[1],,,ID_ZN92,23:59:00,1.0,12.0,1.0,06:00:00,1,9,4
[5],[15],,1,2,0,[7],[],[7],,,ID_1261,23:59:00,2.0,5.0,3.0,00:01:00,2,2,5
"[2, 3]",[],,0,2,1,"[2, 11, 14]",[5],[2],6.0,,ID_LI7I,14:45:00,1.0,9.0,20.0,11:00:00,1,9,18
[1],"[5, 6]",9.0,1,1,0,[7],[],[7],9.0,ZEWU,ID_IVH9,00:00:00,3.0,10.0,2.0,00:00:00,4,6,29
[1],[],,1,2,0,[1],[3],[1],,,ID_CFN7,23:09:00,2023.0,9.0,12.0,06:00:00,1,5,14
[],[],,0,2,1,[],[],[],,DYYF,ID_Q2OB,14:00:00,1.0,2.0,17.0,13:00:00,1,2,16
"[2, 7]",[],9.0,1,1,0,[2],[],[2],9.0,,ID_CNBR,00:00:00,3.0,11.0,20.0,00:00:00,3,8,16
[1],[9],2.0,0,2,1,"[1, 5]",[5],[1],2.0,ISIQ,ID_5J59,17:00:00,2.0,4.0,18.0,16:30:00,2,4,11
[4],[2],,1,2,0,[2],[3],[],,,ID_L3EB,23:59:00,1.0,9.0,27.0,23:59:00,2,6,7
[1],[],35.0,1,3,0,[1],[5],[1],35.0,,ID_WOVD,,,,,09:00:00,3,9,9
[7],[2],29.0,1,1,0,"[2, 8]",[3],[],29.0,,ID_L9R0,23:59:00,1.0,6.0,13.0,23:59:00,1,3,7
[1],[],,0,2,1,[],[4],[2],,,ID_JPR9,17:00:00,1.0,10.0,20.0,08:57:00,1,10,19
[1],[1],13.0,1,3,0,[1],[3],[1],13.0,DYYF,ID_PB3Q,,,,,00:00:00,4,4,20
[],[],,0,2,1,[10],[3],[10],28.0,YSLJ,ID_45W9,12:00:00,1.0,2.0,10.0,09:10:00,1,2,9
"[3, 2]",[14],7.0,1,3,0,[2],[],[2],7.0,,ID_PJZC,,,,,06:00:00,3,2,16
[1],[],,0,2,1,[2],[3],[2],,DYYF,ID_OXOJ,11:00:00,1.0,1.0,24.0,14:00:00,1,1,23
"[2, 3]",[],6.0,1,2,0,"[2, 1]",[],"[2, 1]",6.0,DYYF,ID_MN35,23:59:00,2.0,10.0,28.0,06:00:00,3,6,20
[1],[],,0,2,1,[1],[5],[1],,G3F0,ID_XRP7,17:00:00,1.0,10.0,20.0,08:57:00,1,10,19
[1],[7],4.0,1,1,0,[1],[5],[1],4.0,ZEWU,ID_0D02,23:59:00,1.0,4.0,25.0,06:00:00,1,1,24
[4],[],10.0,1,2,0,"[2, 3]",[5],"[2, 3]",10.0,G3F0,ID_PDKH,23:59:00,1.0,2.0,23.0,06:00:00,1,11,14
[1],[14],1.0,1,1,0,[1],[5],[1],1.0,ZEWU,ID_BARV,00:00:00,4.0,8.0,28.0,00:00:00,5,6,17
[1],[],,1,2,0,[7],[4],[],29.0,,ID_JRC2,23:59:00,1.0,3.0,28.0,06:00:00,1,12,24
"[4, 2]",[1],28.0,1,3,0,"[3, 2]",[3],[3],,YSLJ,ID_1Q60,,,,,00:00:00,4,10,11
[],[],,1,1,0,[],[3],"[3, 2]",10.0,03GB,ID_I9BN,23:59:00,1.0,3.0,14.0,06:00:00,1,12,13
[1],[9],2.0,1,3,0,[1],[5],[],,,ID_Y6FW,,,,,06:00:00,1,1,9
"[3, 2]",[14],7.0,0,2,1,[2],[5],"[2, 11]",1.0,G3F0,ID_9QGT,21:00:00,1.0,6.0,4.0,21:00:00,1,5,28
"[3, 7]",[],,1,2,0,[],[5],"[8, 10]",,,ID_FM77,23:59:00,1.0,11.0,17.0,23:59:00,1,9,13
[1],[7],4.0,1,1,0,[1],[5],[1],4.0,X9GR,ID_UB7R,23:59:00,1.0,4.0,25.0,06:00:00,1,1,24
[1],[],3.0,0,3,1,[1],[5],[1],31.0,,ID_7YDI,02:00:00,1.0,2.0,17.0,13:30:00,1,2,15
[4],"[5, 6]",9.0,1,3,0,[1],[],[1],9.0,ZEWU,ID_PNHR,,,,,06:00:00,3,5,30
"[1, 6]",[],,1,3,0,[1],[5],[1],2.0,,ID_AS79,06:00:00,1.0,10.0,18.0,23:00:00,1,9,28
[1],[9],5.0,1,3,0,[2],[5],[2],5.0,DYYF,ID_M3G0,,,,,00:00:00,4,4,20
[1],[9],8.0,0,2,1,[2],[5],[2],2.0,ISIQ,ID_8DGC,18:00:00,1.0,5.0,15.0,15:00:00,1,5,13
[3],[],6.0,0,2,1,[15],[4],[],6.0,,ID_9TS1,05:59:00,1.0,3.0,30.0,09:00:00,1,3,29
[2],[15],10.0,1,2,0,[3],[],[3],10.0,,ID_FZ48,00:00:00,3.0,10.0,29.0,00:00:00,3,8,29
[1],[],20.0,1,2,0,"[1, 5]",[5],[1],20.0,,ID_1DWD,23:59:00,2.0,4.0,19.0,06:00:00,2,1,25
[1],[14],1.0,0,2,1,[1],[],[],,,ID_Y1UE,07:00:00,1.0,4.0,26.0,10:00:00,1,4,21
[1],[],2.0,1,2,0,[1],[5],[1],2.0,,ID_QPSR,23:59:00,2.0,1.0,13.0,06:00:00,2,12,17
[4],[15],,1,2,0,"[2, 3]",[3],"[3, 2]",10.0,GYYX,ID_XZ71,23:59:00,1.0,7.0,4.0,06:00:00,1,4,23
[1],[],,1,2,0,[1],[5],[1],,,ID_20XL,23:59:00,1.0,4.0,4.0,00:01:00,1,1,6
[],[],,1,2,0,[2],[5],[2],,,ID_GR92,15:00:00,1.0,2.0,1.0,05:00:00,1,1,1
[1],[],2.0,1,2,0,[1],[5],[1],2.0,,ID_8BH9,23:59:00,1.0,6.0,27.0,15:00:00,1,6,1
[1],[],,0,2,1,[1],[3],[],,H03V,ID_IHRZ,17:00:00,1.0,10.0,20.0,08:57:00,1,10,19
[1],[],25.0,0,2,1,[1],[5],[2],,EGI9,ID_CMWO,12:00:00,1.0,5.0,31.0,12:00:00,1,5,1
[1],[],2.0,0,2,0,[3],[3],[2],2.0,ZEWU,ID_OAR6,23:59:00,1.0,4.0,4.0,11:00:00,1,4,2
