Competition ID,Personal,Theme,Disc_ID,User_ID,Created At time,Created At Year,Created At Month,Created At Day_of_month
GeneralDiscussion,1,,ID_0BK7TH,ID_AAGFVLHH,19:48:26.862175,1,12,27
GeneralDiscussion,1,,ID_ZFJ9J7,ID_0AJGQILU,09:37:52.039526,1,12,20
GeneralDiscussion,1,,ID_ME45XX,ID_U90KK6KL,17:50:33.894800,1,2,9
ID_45W9,1,,ID_2BG9IX,ID_U90KK6KL,07:57:55.178845,1,2,10
GeneralDiscussion,1,,ID_251XVV,ID_F7HIGFHQ,19:56:13.041893,1,12,27
ID_I9BN,0,,ID_I1N4XA,ID_QXI37KW6,18:20:26.568254,1,2,29
GeneralDiscussion,1,,ID_B3RVDQ,ID_QXI37KW6,00:30:29.783050,1,3,15
GeneralDiscussion,1,,ID_CIU523,ID_QXI37KW6,01:46:27.612805,1,3,15
GeneralDiscussion,1,,ID_84L6U3,ID_CEDNKSVV,05:40:35.086345,1,2,9
ID_56O8,0,3.0,ID_9OM3J1,ID_CEDNKSVV,23:08:28.053523,1,2,13
ID_56O8,1,,ID_1LSLW7,ID_CEDNKSVV,07:06:12.169921,1,2,18
ID_KU2G,1,,ID_5DIDRK,ID_CEDNKSVV,17:55:02.333957,1,3,29
ID_HCN1,0,1.0,ID_ONQEAR,ID_CEDNKSVV,22:36:22.543584,1,5,9
ID_64EM,0,1.0,ID_3XKIOF,ID_CEDNKSVV,13:23:28.763053,1,1,3
GeneralDiscussion,1,,ID_M89JSB,ID_CEDNKSVV,18:38:44.100793,1,2,8
GeneralDiscussion,1,,ID_WM200F,ID_CEDNKSVV,18:50:45.319101,1,5,21
GeneralDiscussion,1,,ID_76RQ0S,ID_CEDNKSVV,01:33:59.487090,1,2,16
GeneralDiscussion,1,,ID_4KH8OR,ID_CEDNKSVV,14:17:29.263011,1,3,29
GeneralDiscussion,1,,ID_E486XJ,ID_CEDNKSVV,17:54:31.265634,1,12,19
ID_GR92,0,4.0,ID_JFPPYO,ID_CEDNKSVV,01:50:18.523584,1,1,3
ID_GR92,0,4.0,ID_TV9UIV,ID_CEDNKSVV,00:12:04.209496,1,1,3
GeneralDiscussion,1,,ID_3Z6AZI,ID_CEDNKSVV,04:20:33.569274,1,2,9
GeneralDiscussion,1,,ID_1ZE594,ID_CEDNKSVV,04:23:11.949158,1,2,9
GeneralDiscussion,1,,ID_LLPKVB,ID_CEDNKSVV,22:24:44.320109,1,2,9
GeneralDiscussion,1,,ID_GSTC7F,ID_CEDNKSVV,14:43:26.173657,1,2,9
GeneralDiscussion,1,,ID_9C1E1T,ID_CEDNKSVV,15:29:16.391943,1,2,9
GeneralDiscussion,1,,ID_MZYCFF,ID_CEDNKSVV,17:29:34.015522,1,5,10
ID_56O8,0,1.0,ID_AXOSKY,ID_CEDNKSVV,16:16:40.333317,1,2,17
GeneralDiscussion,1,,ID_GB522P,ID_CEDNKSVV,14:33:38.306855,1,3,1
ID_I9BN,0,4.0,ID_E0NHSS,ID_CEDNKSVV,16:02:43.788440,1,12,23
ID_I9BN,0,1.0,ID_OIGXGK,ID_CEDNKSVV,18:51:04.182685,1,12,19
ID_I9BN,0,4.0,ID_441BAB,ID_CEDNKSVV,05:09:45.654428,1,12,23
GeneralDiscussion,1,,ID_WUMIYN,ID_CEDNKSVV,11:15:01.933357,1,2,31
GeneralDiscussion,1,,ID_3BAUHP,ID_L2NJMFNG,20:25:11.204001,1,12,27
ID_I9BN,1,,ID_4VK22L,ID_QMANSX9S,05:56:23.794376,1,2,21
GeneralDiscussion,1,,ID_PGDNKC,ID_HV77C51U,22:49:39.027702,1,2,31
GeneralDiscussion,1,,ID_YIEKM3,ID_O1LBVDH8,16:01:24.634990,1,1,3
GeneralDiscussion,1,,ID_CXH4NK,ID_TYBEWVMK,13:29:35.793235,1,2,29
GeneralDiscussion,1,,ID_31S9U5,ID_GPXBD1BG,06:04:11.094345,1,1,14
GeneralDiscussion,1,,ID_D8ZEBX,ID_8PYX9ZJH,03:57:40.315902,1,4,3
GeneralDiscussion,1,,ID_6UQNIP,ID_FU9487VT,15:55:37.184387,1,2,20
GeneralDiscussion,1,,ID_EY2BJG,ID_FU9487VT,15:46:02.756378,1,2,20
ID_IMTG,1,,ID_9HZTC6,ID_C1C7WUYP,03:24:48.543004,1,5,18
ID_IMTG,0,,ID_RMY9S4,ID_20SB8DIP,03:29:27.390499,1,5,18
GeneralDiscussion,1,,ID_ROC2IB,ID_20SB8DIP,18:48:45.820431,1,5,17
GeneralDiscussion,1,,ID_QEAGYD,ID_4KNC0WJL,04:53:20.593903,1,12,17
GeneralDiscussion,1,,ID_ZJ2WNY,ID_4KNC0WJL,04:48:18.723879,1,12,17
GeneralDiscussion,1,,ID_QRKHUJ,ID_4KNC0WJL,04:54:25.197713,1,12,17
GeneralDiscussion,1,,ID_CBSUYH,ID_4KNC0WJL,04:33:47.536192,1,12,26
GeneralDiscussion,1,,ID_XNO997,ID_JNZQMMX0,05:57:02.164837,1,1,14
ID_528W,0,5.0,ID_183IIQ,ID_JNZQMMX0,06:04:46.506030,1,1,14
ID_528W,0,,ID_K9ACNT,ID_JNZQMMX0,16:30:54.806741,1,2,5
ID_528W,0,5.0,ID_GUZ7T8,ID_JNZQMMX0,17:11:14.782633,1,12,31
GeneralDiscussion,1,,ID_GTBPYV,ID_FI30XPFH,07:02:26.706182,1,4,6
ID_WZ0H,0,1.0,ID_A4R9P4,ID_6M3A5PP2,10:49:34.206887,1,5,21
ID_XZ71,0,3.0,ID_XBATJ0,ID_6M3A5PP2,08:08:03.241635,1,5,27
GeneralDiscussion,1,5.0,ID_5FHD5D,ID_6FWILK4H,10:45:18.693431,1,3,13
GeneralDiscussion,1,,ID_QLANGU,ID_6FWILK4H,19:25:35.506824,1,4,25
GeneralDiscussion,1,,ID_JFHLQR,ID_6FWILK4H,00:18:37.516847,1,5,19
GeneralDiscussion,1,,ID_XCT714,ID_6FWILK4H,13:08:34.525571,1,4,25
GeneralDiscussion,1,,ID_76J586,ID_6FWILK4H,07:35:45.401208,1,5,23
GeneralDiscussion,1,,ID_S0SSTB,ID_6FWILK4H,13:31:03.212560,1,4,20
GeneralDiscussion,1,,ID_TXSZYK,ID_6FWILK4H,19:22:20.596043,1,4,25
ID_0D02,0,1.0,ID_EBYJ2P,ID_6FWILK4H,19:26:36.167068,1,4,25
GeneralDiscussion,1,,ID_X5W8F1,ID_6FWILK4H,13:25:40.253757,1,4,20
GeneralDiscussion,1,,ID_SINLMP,ID_71N5GY8Z,21:03:54.989556,1,4,23
GeneralDiscussion,1,,ID_HINXCM,ID_60OMC77A,21:24:38.271009,1,4,23
ID_Y1UE,0,,ID_1XT1VZ,ID_60OMC77A,21:27:23.164465,1,4,23
GeneralDiscussion,1,,ID_6G4DMN,ID_1ED1DG8J,22:25:27.649710,1,4,23
GeneralDiscussion,1,,ID_TXDFSX,ID_T7W2OC30,05:45:55.667619,1,3,2
GeneralDiscussion,1,,ID_UTIAN9,ID_T7W2OC30,05:47:29.694804,1,3,2
ID_5NAE,0,,ID_U97SPH,ID_XSRYED3X,21:39:08.787572,1,3,29
ID_GAV9,1,,ID_6T2L31,ID_PK7CD9XY,19:31:53.058588,1,2,25
GeneralDiscussion,1,,ID_Z30DSQ,ID_DBBCEV5Y,09:14:40.964195,1,2,8
ID_I9BN,0,,ID_V8EYV6,ID_DBBCEV5Y,21:22:33.145372,1,2,7
GeneralDiscussion,1,,ID_TI5F41,ID_J5IMTVWB,03:51:12.759021,1,5,18
ID_45W9,0,,ID_1EP04B,ID_2NNESLKY,09:23:04.937397,1,2,8
GeneralDiscussion,1,,ID_0I53HG,ID_KD6IFTVY,22:30:44.265752,1,4,23
GeneralDiscussion,1,,ID_W3JJX5,ID_GYXBSL1P,18:09:08.659357,1,2,29
GeneralDiscussion,1,,ID_WJO0TQ,ID_GYXBSL1P,13:42:09.472287,1,3,1
ID_GAV9,0,5.0,ID_6C425R,ID_GYXBSL1P,14:01:41.206182,1,2,29
ID_GAV9,1,,ID_JI8LSQ,ID_GYXBSL1P,14:12:03.081414,1,3,1
GeneralDiscussion,1,,ID_MN46HN,ID_5RENLVCS,10:27:53.881313,1,12,28
ID_I9BN,1,,ID_DK2VV3,ID_L9ELDRMB,06:11:15.327132,1,1,14
GeneralDiscussion,1,,ID_JSUNBQ,ID_WR6VK06G,10:54:01.489955,1,12,28
ID_GAV9,1,,ID_0DQXQS,ID_YWRFZICE,22:04:03.565502,1,3,1
GeneralDiscussion,1,,ID_R4A04Y,ID_TBH4HI38,11:09:31.333212,1,12,28
ID_528W,0,,ID_6R98NA,ID_ZELO1E3N,13:17:31.956448,1,1,1
GeneralDiscussion,1,,ID_9R3LOV,ID_ZELO1E3N,20:59:40.263617,1,2,2
GeneralDiscussion,1,,ID_PZ6MG8,ID_VF9G3ML6,20:52:42.503249,1,1,8
GeneralDiscussion,1,,ID_ZTJFH1,ID_VF9G3ML6,10:29:07.312394,1,1,8
GeneralDiscussion,1,,ID_17RQNZ,ID_VF9G3ML6,06:02:24.955349,1,1,13
ID_528W,0,,ID_J4CUCU,ID_VF9G3ML6,10:32:47.356771,1,1,8
GeneralDiscussion,1,,ID_OJ7HDX,ID_VF9G3ML6,19:57:21.937716,1,4,1
GeneralDiscussion,1,,ID_B2JQIX,ID_VF9G3ML6,20:54:01.603470,1,1,8
GeneralDiscussion,1,,ID_2VJEAH,ID_VF9G3ML6,06:06:17.182560,1,1,13
GeneralDiscussion,1,,ID_KLMLWJ,ID_VF9G3ML6,06:00:13.366132,1,1,13
GeneralDiscussion,1,,ID_FJDX75,ID_CMVSRHXW,19:51:47.513193,1,3,5
GeneralDiscussion,0,,ID_6JQHDC,ID_CMVSRHXW,16:20:16.064929,1,3,5
GeneralDiscussion,1,,ID_51U548,ID_RLGUU3M6,16:04:04.195807,1,5,4
ID_PDKH,1,,ID_UPSD6I,ID_G23UREIF,09:30:25.093232,1,12,2
GeneralDiscussion,1,,ID_HEACUG,ID_G23UREIF,16:55:38.279193,1,2,17
ID_I9BN,1,,ID_OQ1LI4,ID_G23UREIF,20:06:18.148701,1,12,21
ID_20XL,1,,ID_TQLY3U,ID_G23UREIF,06:04:13.939672,1,1,18
ID_JRC2,1,,ID_VUWACS,ID_G23UREIF,19:34:00.969387,1,2,22
ID_J883,1,,ID_ARJKTD,ID_G23UREIF,07:03:02.179913,1,2,30
GeneralDiscussion,1,,ID_NUJNCZ,ID_G23UREIF,17:06:12.239815,1,12,1
ID_GR92,1,,ID_W7M84I,ID_G23UREIF,18:20:43.387168,1,1,2
GeneralDiscussion,1,,ID_QDSRJJ,ID_75E0EBLB,14:25:22.043404,1,1,6
GeneralDiscussion,1,,ID_IT5MBO,ID_P1TMAJQT,12:24:50.328094,1,12,28
ID_JRC2,0,3.0,ID_TG515R,ID_XFNWMR7F,09:49:54.860790,1,2,12
ID_XZ71,1,,ID_2GH1LQ,ID_J3O9NNMF,16:32:00.261798,1,5,24
GeneralDiscussion,1,,ID_YZXO06,ID_2P6U2AFY,12:53:53.847303,1,12,28
GeneralDiscussion,1,,ID_WPPGMR,ID_6B49ZLAB,20:41:13.952475,1,12,27
GeneralDiscussion,1,,ID_WMQVAK,ID_FDVZK203,16:26:15.619428,1,1,3
ID_528W,0,,ID_BDZ090,ID_FDVZK203,19:55:38.862530,1,12,29
ID_61E9,0,,ID_YLYS9M,ID_9XP3I118,12:27:05.532697,1,3,18
GeneralDiscussion,1,,ID_L7V958,ID_KCYBFH9S,12:21:01.434911,1,3,18
GeneralDiscussion,1,,ID_EI1P9L,ID_BC2HP4VR,12:20:01.401729,1,3,18
GeneralDiscussion,0,5.0,ID_Z6GQFI,ID_2WNF14QT,06:12:53.150632,1,11,29
GeneralDiscussion,1,,ID_RRG2ZW,ID_EL3PZK3L,19:35:58.362050,1,2,22
GeneralDiscussion,0,,ID_PFMJ78,ID_EL3PZK3L,05:28:46.528022,1,3,1
ID_D242,0,,ID_QAVVG8,ID_29Z4T75G,20:45:33.084061,1,12,27
GeneralDiscussion,1,,ID_4Y7TCJ,ID_29Z4T75G,20:47:01.905520,1,12,27
GeneralDiscussion,1,,ID_01SMVG,ID_D5NWRCVT,23:43:59.140447,1,3,29
GeneralDiscussion,1,,ID_03CQEX,ID_OKMQ09PE,00:40:48.545390,1,5,20
GeneralDiscussion,1,,ID_NFCFFE,ID_XYUF9G9Y,20:55:59.358020,1,12,27
ID_528W,0,5.0,ID_X5PLV5,ID_XYUF9G9Y,13:51:16.636884,1,1,4
ID_IMTG,1,,ID_4EOHS3,ID_V908PL8F,09:00:43.315608,1,5,15
GeneralDiscussion,1,,ID_FCDE13,ID_OJ2T55DP,17:43:43.578646,1,12,26
GeneralDiscussion,1,,ID_SG2982,ID_IZKM51CR,10:32:48.717444,1,2,8
GeneralDiscussion,1,,ID_RZ914Q,ID_HQQIME4Z,21:10:46.314235,1,3,5
GeneralDiscussion,1,,ID_9UTJGF,ID_A2E3YUMT,10:45:31.132188,1,2,24
ID_JRC2,1,,ID_W4JRYV,ID_A2E3YUMT,05:25:46.283243,1,2,25
ID_GAV9,1,,ID_3CB3DF,ID_TS9IQQ4E,19:49:39.146960,1,3,5
GeneralDiscussion,1,,ID_YYE9HT,ID_1U71QOB5,19:13:05.792535,1,2,30
GeneralDiscussion,1,,ID_5AO6T6,ID_1U71QOB5,08:15:19.662732,1,3,2
ID_GAV9,1,,ID_SVL07X,ID_FMFMJP22,20:20:14.302717,1,3,5
GeneralDiscussion,1,,ID_1AG4J0,ID_2C47291G,21:19:02.292148,1,2,30
ID_OXOJ,1,,ID_0KU1R1,ID_NF319G7N,13:57:25.926749,1,1,23
ID_I9BN,0,3.0,ID_P39SLI,ID_OF9XQTH5,13:18:44.746841,1,2,24
GeneralDiscussion,1,,ID_NPW5S1,ID_OF9XQTH5,13:27:44.519552,1,2,7
GeneralDiscussion,1,,ID_XQJDXY,ID_OF9XQTH5,18:39:14.486043,1,2,10
ID_GAV9,1,,ID_0H7J9U,ID_B37R0MSO,20:45:40.213958,1,3,5
ID_GAV9,0,1.0,ID_CJA2KP,ID_B37R0MSO,10:42:17.755367,1,3,6
GeneralDiscussion,1,,ID_9VQ1RB,ID_B37R0MSO,14:30:59.535510,1,3,7
ID_GAV9,1,,ID_BW1CQ1,ID_QK4XCRQL,20:42:32.528714,1,3,5
ID_GAV9,0,1.0,ID_SH4587,ID_QK4XCRQL,22:04:42.837115,1,3,5
GeneralDiscussion,1,,ID_QEY4ET,ID_1VVSQKN3,20:57:45.813144,1,3,5
GeneralDiscussion,1,,ID_K6BSAY,ID_PZ45LTO0,06:09:18.007330,1,2,18
GeneralDiscussion,1,,ID_AK9OGJ,ID_QLZ29ASJ,08:56:56.694448,1,2,4
ID_XZ71,0,3.0,ID_HOPPHQ,ID_8VZRG8K7,14:32:29.132882,1,5,22
GeneralDiscussion,1,,ID_U1OHOL,ID_V2GS7TDW,15:57:41.659584,1,2,27
GeneralDiscussion,1,,ID_T5LABY,ID_SIOFYC8D,16:20:15.142277,1,2,27
GeneralDiscussion,1,,ID_VB15P9,ID_PROILWVY,09:35:46.128355,1,2,4
GeneralDiscussion,1,,ID_QXNGA7,ID_PROILWVY,09:32:37.260406,1,2,4
ID_528W,0,1.0,ID_IRT1AX,ID_PROILWVY,07:25:20.962819,1,1,11
GeneralDiscussion,1,,ID_BSF539,ID_577E83AB,16:12:52.249479,1,2,27
GeneralDiscussion,0,1.0,ID_LZ60XN,ID_297OIO5Y,21:15:29.263830,1,5,7
ID_45W9,0,5.0,ID_II3Q1V,ID_BX0P4P60,13:14:36.299966,1,2,8
GeneralDiscussion,1,,ID_CF91KE,ID_GAPM2OTK,08:10:17.886166,1,2,21
GeneralDiscussion,1,,ID_CBFTEI,ID_IAK3FLIY,06:24:30.893401,1,2,21
ID_JRC2,0,5.0,ID_FBR53Q,ID_IAK3FLIY,17:43:38.888976,1,3,13
GeneralDiscussion,1,,ID_D7TQXK,ID_IAK3FLIY,08:16:23.299528,1,2,21
GeneralDiscussion,1,,ID_I9YAQW,ID_RI3YI4QN,16:31:14.549941,1,2,27
ID_F7QD,0,,ID_TCKE4B,ID_RI3YI4QN,18:10:10.238831,1,3,20
GeneralDiscussion,1,,ID_J8OJ8K,ID_IK3XCGLB,16:34:36.945838,1,2,27
GeneralDiscussion,1,,ID_DMY7VR,ID_KEX6J71Q,10:03:10.717145,1,5,15
ID_IMTG,1,,ID_8S6459,ID_KEX6J71Q,10:27:40.780715,1,5,15
GeneralDiscussion,1,,ID_AVSYYZ,ID_VN7N4O5E,16:15:46.043416,1,2,27
GeneralDiscussion,1,,ID_REZI0Q,ID_CSORSACW,08:31:33.134044,1,3,2
GeneralDiscussion,1,,ID_84PK2K,ID_XDOK0UKN,16:24:14.976401,1,2,27
GeneralDiscussion,1,,ID_AEKE3C,ID_8ZVYXPUR,21:00:37.859737,1,3,5
ID_GAV9,1,,ID_HMFEFV,ID_8ZVYXPUR,10:28:07.001141,1,3,5
GeneralDiscussion,1,,ID_DEQ5ID,ID_D96RNL1K,22:30:12.640876,1,12,31
GeneralDiscussion,1,,ID_T7T197,ID_D96RNL1K,10:30:31.637980,1,12,28
ID_GAV9,0,1.0,ID_MUW0UJ,ID_2IO5391U,12:02:37.164533,1,3,16
GeneralDiscussion,1,,ID_BZKYQY,ID_KCFTLTIF,16:31:13.385920,1,5,26
GeneralDiscussion,1,,ID_81BX8M,ID_02MW81ND,13:52:00.920944,1,1,19
GeneralDiscussion,1,,ID_U36MFT,ID_8UP3EG1J,10:15:23.229130,1,12,20
GeneralDiscussion,1,,ID_70S9PM,ID_NVKEJ1JN,10:26:08.027864,1,5,15
GeneralDiscussion,1,,ID_IR4GH0,ID_Q6EP5QJT,08:53:10.151833,1,4,26
GeneralDiscussion,1,,ID_4GESO6,ID_Z71GBXXN,09:07:00.550046,1,11,29
GeneralDiscussion,1,,ID_NPYJMG,ID_03CFOV9J,18:26:42.294607,1,3,1
GeneralDiscussion,1,,ID_WOT4ER,ID_03CFOV9J,05:27:55.660960,1,3,2
ID_GAV9,1,,ID_S36B2L,ID_03CFOV9J,16:35:50.983102,1,3,2
GeneralDiscussion,1,,ID_P60BSF,ID_03CFOV9J,15:46:00.695438,1,2,31
GeneralDiscussion,1,,ID_MSPTM2,ID_03CFOV9J,00:50:57.847578,1,2,30
GeneralDiscussion,1,,ID_2F2K5U,ID_03CFOV9J,18:28:30.596510,1,3,1
GeneralDiscussion,1,,ID_TUN0K2,ID_B76RMF3F,21:44:15.596901,1,2,29
ID_CFN7,1,,ID_YQL51Y,ID_VKP1HAZ1,16:29:23.234868,1,5,25
GeneralDiscussion,1,,ID_DA3RTQ,ID_976UY1FK,07:43:16.393440,1,5,18
GeneralDiscussion,1,,ID_MTYLRO,ID_LNGIKNNN,09:20:54.312580,1,3,2
ID_GAV9,0,5.0,ID_T0GRKL,ID_LNGIKNNN,17:09:47.844897,1,3,1
GeneralDiscussion,1,,ID_F41DUA,ID_LNGIKNNN,18:18:26.727561,1,2,29
ID_GAV9,1,,ID_SD6JSU,ID_LNGIKNNN,09:08:48.409481,1,3,5
ID_GAV9,0,5.0,ID_WAY87W,ID_LNGIKNNN,10:20:58.058392,1,3,3
ID_GAV9,0,5.0,ID_Z2WFUJ,ID_LNGIKNNN,14:21:59.114545,1,2,26
GeneralDiscussion,1,,ID_ZO1BQL,ID_LNGIKNNN,18:10:02.011408,1,2,29
GeneralDiscussion,1,,ID_YJBO99,ID_LNGIKNNN,18:13:19.959616,1,2,29
ID_GAV9,0,5.0,ID_JXMORG,ID_LNGIKNNN,17:49:21.736658,1,2,28
ID_GAV9,0,1.0,ID_IS8ELG,ID_LNGIKNNN,17:49:06.874766,1,3,5
ID_IMTG,1,,ID_X3RK2C,ID_W9BBUBJ8,10:17:01.659178,1,5,15
GeneralDiscussion,1,,ID_HMJQZF,ID_LU9CRF87,04:43:19.555450,1,1,1
ID_528W,0,1.0,ID_HEYWKB,ID_LU9CRF87,11:33:34.489521,1,1,14
ID_GAV9,1,,ID_YT1NPU,ID_POM5I0WV,19:48:59.113034,1,3,5
GeneralDiscussion,1,,ID_89GUTJ,ID_880HK3AO,12:23:40.267683,1,3,18
GeneralDiscussion,1,,ID_RPO7CK,ID_CD13540Y,16:59:39.354783,1,2,25
ID_GAV9,0,,ID_IAT0VX,ID_SUQ6QT9Y,21:20:37.868271,1,3,5
GeneralDiscussion,1,,ID_2LXZ2J,ID_J8I4RM2Y,09:16:45.541447,1,1,24
GeneralDiscussion,1,,ID_FTZ7TY,ID_ZXK5J6NG,22:48:00.967514,1,11,21
GeneralDiscussion,1,,ID_L9E36C,ID_CN1J1KDR,11:38:59.959324,1,12,20
GeneralDiscussion,1,,ID_YILHPS,ID_CQ23EV8G,13:53:57.041811,1,12,28
ID_528W,0,5.0,ID_6BX7O9,ID_CQ23EV8G,09:41:17.652965,1,1,29
GeneralDiscussion,1,,ID_5QY1ZC,ID_SDV9Q3E9,20:55:02.536090,1,1,8
GeneralDiscussion,1,,ID_H6YDX8,ID_G8MVM42E,14:17:21.903347,1,12,28
GeneralDiscussion,1,,ID_UKA4SO,ID_G8MVM42E,14:15:45.368771,1,12,28
GeneralDiscussion,1,,ID_Y49WES,ID_695FGT57,14:00:57.935065,1,12,28
GeneralDiscussion,1,,ID_CZWVHQ,ID_3YX1PGJ1,13:59:05.776718,1,12,28
GeneralDiscussion,1,,ID_RHRW1H,ID_3YX1PGJ1,07:51:07.833695,1,12,29
GeneralDiscussion,1,,ID_XBI78A,ID_WEGQL44H,10:01:02.768377,1,3,2
ID_GAV9,1,,ID_POA92T,ID_WEGQL44H,10:19:22.220707,1,3,2
GeneralDiscussion,1,,ID_YV3A5E,ID_OEBTE0TB,12:36:46.502006,1,5,12
GeneralDiscussion,1,,ID_PWKRIO,ID_E9PKCTOS,08:10:11.107579,1,5,18
GeneralDiscussion,1,,ID_G4QRHG,ID_M0E0KKGG,10:20:43.915924,1,3,2
ID_528W,0,,ID_3WGSKL,ID_YVGPS54D,14:34:00.929801,1,1,9
GeneralDiscussion,1,,ID_2T74M3,ID_YVGPS54D,10:48:10.389546,1,1,9
GeneralDiscussion,1,,ID_CK4L63,ID_8L1NMBKY,11:16:38.552817,1,1,14
GeneralDiscussion,1,,ID_SJV7RJ,ID_B73U9DYD,09:37:41.091250,1,12,28
ID_20XL,0,3.0,ID_X5EACW,ID_BR6WUG14,13:46:35.817547,1,1,7
ID_528W,0,,ID_6K64JY,ID_UPB47BLL,13:48:18.506083,1,1,7
ID_IMTG,1,,ID_BY9NIX,ID_L3FTTCQ0,10:31:15.753717,1,5,15
GeneralDiscussion,1,,ID_YC36K9,ID_EU62HA1Q,04:25:58.431488,1,1,3
GeneralDiscussion,1,,ID_ZP146Q,ID_MIJHOOWM,18:58:15.376752,1,11,24
ID_PDKH,1,,ID_XJD6LF,ID_MIJHOOWM,09:17:36.734351,1,12,17
ID_IMTG,1,,ID_HGCA3F,ID_AIKPG4D4,08:41:57.047604,1,5,18
ID_IMTG,0,3.0,ID_AZGU5X,ID_AIKPG4D4,01:56:47.851681,1,5,19
GeneralDiscussion,1,,ID_P4CDUV,ID_AIKPG4D4,08:38:42.093986,1,5,23
GeneralDiscussion,1,,ID_CG0IHS,ID_AIKPG4D4,08:46:33.268117,1,5,23
ID_GAV9,1,,ID_LRXE1G,ID_ZKC7CUVR,10:25:55.873444,1,2,26
GeneralDiscussion,1,,ID_TQBWUX,ID_ZKC7CUVR,19:17:00.939924,1,2,25
GeneralDiscussion,1,,ID_YMZ0RV,ID_ZKC7CUVR,19:40:01.332155,1,2,25
ID_GAV9,0,5.0,ID_EAUTFQ,ID_ZKC7CUVR,18:17:37.654008,1,2,22
GeneralDiscussion,1,,ID_ZLBDTR,ID_ATVRWZ4F,18:13:17.627300,1,4,14
ID_BXIL,1,,ID_OOA27P,ID_ATVRWZ4F,18:12:42.975910,1,4,14
ID_WZ0H,0,,ID_ULU6WI,ID_FIBZA3B3,03:20:18.908095,1,4,26
GeneralDiscussion,1,,ID_CEH55V,ID_FIBZA3B3,10:42:08.234563,1,4,22
ID_WZ0H,0,4.0,ID_PYDDJM,ID_FIBZA3B3,03:16:46.595054,1,4,26
ID_528W,0,,ID_7ICD7I,ID_RVHUZ9DP,14:53:54.359281,1,12,28
ID_GAV9,0,,ID_20IW0R,ID_RVHUZ9DP,06:24:21.009735,1,2,31
GeneralDiscussion,0,5.0,ID_XNXA6U,ID_G6O34Y0C,22:21:41.519411,1,2,19
GeneralDiscussion,1,,ID_VQWKT5,ID_RGDDQHT3,10:19:26.190643,1,12,24
GeneralDiscussion,1,,ID_3XMKZZ,ID_F1GFAGNL,17:49:25.971410,1,3,14
GeneralDiscussion,1,,ID_EQB6M6,ID_1S55CB47,13:40:28.697829,1,3,18
GeneralDiscussion,1,,ID_PECLDI,ID_8W3OJ9C1,11:08:39.659912,1,4,28
GeneralDiscussion,1,,ID_EPDIDK,ID_8W3OJ9C1,11:11:42.319162,1,4,28
GeneralDiscussion,1,,ID_PIG8N9,ID_8W3OJ9C1,05:27:37.873949,1,4,15
ID_F7QD,0,1.0,ID_T2Y5KB,ID_HQFIHM1J,22:29:28.627108,1,3,12
GeneralDiscussion,1,,ID_8MY4QV,ID_HQFIHM1J,11:27:08.080925,1,3,15
GeneralDiscussion,1,,ID_K4CBCM,ID_HQFIHM1J,18:43:26.363589,1,3,20
ID_F7QD,0,,ID_V3M7ZO,ID_HQFIHM1J,22:45:25.551960,1,3,12
GeneralDiscussion,1,,ID_3VLMY6,ID_HQFIHM1J,10:50:44.154817,1,3,27
GeneralDiscussion,1,,ID_84NZQH,ID_HQFIHM1J,18:16:32.606950,1,3,20
ID_F7QD,0,1.0,ID_DQ923V,ID_HQFIHM1J,22:33:31.815320,1,3,12
GeneralDiscussion,1,,ID_RZKDR3,ID_84CWTBAB,20:26:19.152228,1,12,30
GeneralDiscussion,1,,ID_L54V4U,ID_8H72X9WG,17:43:51.202820,1,12,28
GeneralDiscussion,1,,ID_0R8AHA,ID_5OGCZDNL,09:30:30.405882,1,5,18
GeneralDiscussion,1,,ID_WV79U0,ID_R0K9HCU5,02:46:09.771888,1,3,1
ID_BXIL,1,,ID_68UTJ6,ID_R0K9HCU5,23:43:49.689100,1,4,18
ID_BXIL,0,,ID_EKD7A7,ID_R0K9HCU5,22:10:34.973168,1,5,2
GeneralDiscussion,1,,ID_7RL8LK,ID_OYTVOPY8,19:45:38.619729,1,12,28
GeneralDiscussion,1,,ID_UXWPDP,ID_2DFS33X0,07:48:06.080544,1,3,6
ID_GAV9,1,,ID_MT7HOF,ID_6XOAX8C0,21:00:56.544573,1,3,5
GeneralDiscussion,1,,ID_XAAXCT,ID_VM7LXJ20,16:12:39.806073,1,4,13
GeneralDiscussion,1,,ID_OZD66F,ID_WPWX9JIA,17:13:21.507361,1,12,29
GeneralDiscussion,1,,ID_LH89E1,ID_WPWX9JIA,17:26:30.934188,1,12,29
GeneralDiscussion,1,,ID_5CK1VD,ID_95H5HL5F,11:17:14.445380,1,2,13
GeneralDiscussion,1,,ID_72GO2Q,ID_AJ1VQYEJ,09:09:32.865029,1,1,1
GeneralDiscussion,0,,ID_M6K8P9,ID_ARD7SXQW,03:50:34.867356,1,12,11
GeneralDiscussion,1,,ID_TLVS7C,ID_P8PRJQDU,15:26:44.431037,1,3,18
GeneralDiscussion,1,,ID_HLQ70W,ID_EDOLTBN7,10:54:04.282176,1,1,14
GeneralDiscussion,1,,ID_W93DJ5,ID_EDOLTBN7,10:50:03.056215,1,1,14
ID_528W,0,1.0,ID_VIH0CB,ID_EDOLTBN7,16:25:05.821891,1,1,24
ID_20XL,1,,ID_VO5G92,ID_RVY1NF6U,17:33:35.653511,1,3,23
ID_KU2G,1,,ID_BK1U4Y,ID_RVY1NF6U,17:33:46.336932,1,3,23
GeneralDiscussion,1,,ID_8NH5KJ,ID_ASNA9QS7,15:50:50.435105,1,12,31
GeneralDiscussion,1,,ID_68ZZUT,ID_92XXE97O,14:06:24.633442,1,12,20
ID_CFN7,0,,ID_J0G62C,ID_SYCH7URE,12:27:51.094760,1,5,15
ID_F7QD,0,,ID_61YQ0J,ID_SYCH7URE,06:07:42.619331,1,5,14
GeneralDiscussion,1,,ID_YPKVL1,ID_SYCH7URE,10:42:35.394951,1,5,14
GeneralDiscussion,1,,ID_I1XDO6,ID_VCZA1BWS,01:32:24.148813,1,3,30
GeneralDiscussion,1,,ID_R9SQVG,ID_H7PXEFAT,00:41:08.195780,1,2,30
ID_GAV9,1,,ID_OM1IIS,ID_H7PXEFAT,18:51:35.440621,1,3,2
ID_GAV9,0,5.0,ID_FWTYCO,ID_H7PXEFAT,11:13:40.316980,1,2,29
GeneralDiscussion,1,,ID_4NTWE5,ID_S713GRTM,15:53:39.882106,1,12,30
GeneralDiscussion,1,,ID_FHUFNE,ID_S713GRTM,16:29:03.568422,1,12,31
GeneralDiscussion,1,,ID_JXQV2X,ID_KMKR6WOQ,12:47:14.708496,1,5,15
GeneralDiscussion,1,,ID_U3VHCF,ID_RZF4AKGG,12:29:13.614760,1,3,31
ID_CFN7,0,1.0,ID_41EXH0,ID_UPC2QUCE,18:24:11.282337,1,5,25
GeneralDiscussion,1,,ID_DANBXO,ID_UPC2QUCE,11:16:53.438632,1,5,26
GeneralDiscussion,1,,ID_6VZPWW,ID_KABHY0IT,16:23:09.564588,1,5,4
ID_IMTG,0,1.0,ID_EDSIFD,ID_KABHY0IT,14:05:33.140389,1,5,15
GeneralDiscussion,0,,ID_GQ9YCS,ID_KABHY0IT,16:46:39.514555,1,5,7
GeneralDiscussion,1,,ID_BXMB7T,ID_KABHY0IT,07:36:14.045009,1,5,5
ID_WZ0H,0,,ID_Z4XB42,ID_KABHY0IT,08:42:06.203024,1,5,10
GeneralDiscussion,1,,ID_V61L0T,ID_IRDDWPB0,19:55:40.478375,1,2,27
GeneralDiscussion,1,,ID_5UXVL2,ID_2F218EUV,21:54:38.950412,1,1,15
GeneralDiscussion,1,,ID_5MJRT0,ID_2F218EUV,21:46:59.125376,1,1,15
ID_528W,0,1.0,ID_UI3DQF,ID_DMD15MNS,10:32:37.036929,1,1,14
GeneralDiscussion,1,,ID_6IRUYJ,ID_DMD15MNS,20:50:01.351364,1,1,4
GeneralDiscussion,1,,ID_V77PWT,ID_KNKV8AKO,11:54:40.590824,1,1,24
ID_JRC2,0,,ID_YBPMQ6,ID_2TZJGZBK,17:51:32.312878,1,2,20
GeneralDiscussion,1,,ID_7NZRTO,ID_GEZ1IPEH,14:41:21.798983,1,12,20
ID_BXIL,1,,ID_OSN1VD,ID_HIP3BBQE,11:52:04.285857,1,4,16
GeneralDiscussion,1,,ID_Y5B241,ID_IKUP3NOT,08:35:58.912387,1,5,15
GeneralDiscussion,1,,ID_1SJ9DK,ID_IKUP3NOT,06:43:29.082599,1,5,15
ID_528W,0,1.0,ID_AZ1OX9,ID_98KP92NY,10:45:49.998466,1,1,1
GeneralDiscussion,1,,ID_0H4NG2,ID_98KP92NY,10:35:21.805910,1,1,1
GeneralDiscussion,1,,ID_6SCLAM,ID_98KP92NY,10:44:44.303650,1,1,1
GeneralDiscussion,1,,ID_18EL2H,ID_98KP92NY,06:45:47.885470,1,12,31
GeneralDiscussion,1,,ID_498CDU,ID_3VY91NNJ,18:54:18.276977,1,11,27
GeneralDiscussion,1,,ID_UKZITJ,ID_WXIO8176,22:51:38.729026,1,12,28
ID_528W,0,1.0,ID_8S1OVP,ID_WXIO8176,13:23:38.512683,1,1,24
GeneralDiscussion,1,,ID_HMHEL1,ID_UWELNZ41,00:19:35.830818,1,2,24
GeneralDiscussion,1,,ID_G3OIA6,ID_5Y8QGZWR,18:47:47.706916,1,1,18
ID_IMTG,1,,ID_5P8RKA,ID_ZD20NJFA,13:54:34.555492,1,5,15
GeneralDiscussion,1,,ID_4BTZP9,ID_WZCG3HCV,09:19:45.241292,1,1,1
ID_528W,0,3.0,ID_O52TU4,ID_HC4BEZD4,08:16:09.972224,1,1,9
GeneralDiscussion,1,,ID_3ZV50S,ID_HC4BEZD4,06:50:50.258635,1,1,9
GeneralDiscussion,1,,ID_JZOGRG,ID_HC4BEZD4,18:53:15.930916,1,1,24
GeneralDiscussion,1,,ID_LAR8TW,ID_HC4BEZD4,18:58:24.650790,1,1,24
GeneralDiscussion,1,,ID_QYS0S9,ID_HC4BEZD4,19:06:19.445214,1,1,24
GeneralDiscussion,1,,ID_9Z59IU,ID_HC4BEZD4,19:16:07.188984,1,1,24
GeneralDiscussion,1,,ID_7OZ9Q4,ID_HC4BEZD4,06:47:21.868701,1,1,9
ID_528W,0,1.0,ID_VMAW54,ID_HC4BEZD4,11:09:20.631033,1,1,1
ID_528W,0,5.0,ID_HQOJBS,ID_HC4BEZD4,07:43:08.210636,1,1,22
GeneralDiscussion,1,,ID_70HYXV,ID_HC4BEZD4,19:01:41.805516,1,1,24
GeneralDiscussion,1,,ID_42GID0,ID_WW7YJL8G,14:15:14.494820,1,5,12
GeneralDiscussion,0,,ID_V1HD4X,ID_CNBSX785,12:15:06.733003,1,3,27
ID_20XL,1,,ID_WI3FDZ,ID_CNBSX785,12:21:03.091908,1,3,27
GeneralDiscussion,1,,ID_C35NGI,ID_CNBSX785,11:06:36.432031,1,1,1
GeneralDiscussion,1,,ID_68ROO3,ID_ZUYKQ8J0,16:25:36.745363,1,5,22
ID_IMTG,0,1.0,ID_JHOXXC,ID_ZUYKQ8J0,19:29:40.653069,1,5,19
GeneralDiscussion,1,,ID_7C7WJ0,ID_ZUYKQ8J0,16:21:12.343326,1,5,22
GeneralDiscussion,1,,ID_88YNHM,ID_ZUYKQ8J0,03:05:53.330898,1,5,23
GeneralDiscussion,1,,ID_ANOITC,ID_ZUYKQ8J0,16:23:46.637460,1,5,22
GeneralDiscussion,1,,ID_5417VD,ID_YUC7PJYV,10:31:32.255153,1,3,2
ID_WZ0H,1,,ID_AW3LDX,ID_YUC7PJYV,12:54:53.983191,1,5,16
ID_CFN7,1,,ID_NIHIZA,ID_YUC7PJYV,13:30:34.228520,1,5,16
ID_I9BN,1,,ID_2K3AJY,ID_AUMM233M,21:22:49.950323,1,2,22
GeneralDiscussion,1,,ID_Z5FZVT,ID_WANRNMZ8,01:53:28.470421,1,12,29
GeneralDiscussion,1,,ID_K3KSDE,ID_FXGDQSZW,22:38:41.076438,1,3,27
ID_GAV9,0,1.0,ID_CBUQIV,ID_7HVE1YV7,21:47:54.213038,1,2,30
GeneralDiscussion,1,,ID_MWWO4V,ID_VC62KOIX,22:42:00.450347,1,3,27
GeneralDiscussion,1,,ID_7Y9EXH,ID_7W0QA900,22:33:18.742952,1,2,30
GeneralDiscussion,1,,ID_HGRI6T,ID_QRKEM9KT,22:05:16.948559,1,1,14
ID_528W,0,1.0,ID_J2D0N2,ID_QRKEM9KT,21:55:15.872795,1,1,14
GeneralDiscussion,1,,ID_X5H9P8,ID_QRKEM9KT,22:20:30.066920,1,1,14
GeneralDiscussion,1,,ID_JKSO5J,ID_QRKEM9KT,22:07:59.919546,1,1,14
GeneralDiscussion,1,,ID_49NUI0,ID_NW3R9CMI,11:56:37.327060,1,4,24
GeneralDiscussion,1,,ID_DD37LG,ID_NW3R9CMI,11:53:49.866977,1,4,24
GeneralDiscussion,1,,ID_E97ZF2,ID_Q20AW5IZ,21:17:28.595472,1,2,14
ID_528W,0,1.0,ID_4PVVT3,ID_PQG4U6Z9,17:02:31.625564,1,1,11
GeneralDiscussion,1,,ID_10B2CG,ID_PQG4U6Z9,23:08:02.851247,1,1,19
GeneralDiscussion,1,,ID_GYIFLV,ID_PQG4U6Z9,01:34:10.054418,1,3,22
GeneralDiscussion,1,,ID_G27JU6,ID_PQG4U6Z9,01:37:09.705343,1,3,22
GeneralDiscussion,1,,ID_E3IBKR,ID_PQG4U6Z9,01:38:45.874220,1,3,22
GeneralDiscussion,1,,ID_EOCAHO,ID_PQG4U6Z9,07:05:50.277866,1,2,12
GeneralDiscussion,1,,ID_FCVEOR,ID_PQG4U6Z9,22:16:49.610428,1,1,10
GeneralDiscussion,1,,ID_DMZ22C,ID_55LOQV8Q,13:08:24.697212,1,5,18
GeneralDiscussion,1,,ID_EG4I3Y,ID_0KSQO71Z,14:28:24.423081,1,5,15
GeneralDiscussion,1,,ID_FPJBW6,ID_2OMCFIWQ,13:19:40.552911,1,4,17
GeneralDiscussion,1,,ID_W2IEUV,ID_RR5FJVY6,11:53:10.714609,1,1,22
ID_528W,0,1.0,ID_X3K36G,ID_RR5FJVY6,11:37:14.343605,1,1,22
GeneralDiscussion,1,,ID_QTNOLX,ID_6NWT2NGR,00:04:54.337452,1,1,3
GeneralDiscussion,1,,ID_1OB7VA,ID_6NWT2NGR,10:49:12.154271,1,1,8
GeneralDiscussion,1,,ID_TA637H,ID_6NWT2NGR,00:18:30.557706,1,1,3
ID_PDKH,0,,ID_IWGQLO,ID_UL7A36RS,12:10:26.994021,1,1,22
GeneralDiscussion,1,,ID_S9QRM6,ID_NSFBX73P,08:24:45.292928,1,4,1
GeneralDiscussion,1,,ID_2RGBWX,ID_6PQ9N853,08:17:34.480495,1,11,4
GeneralDiscussion,1,,ID_98D6WT,ID_1XM06XJI,11:15:10.170631,1,3,2
ID_GAV9,1,,ID_OBLJ2V,ID_1XM06XJI,18:40:29.494306,1,3,3
GeneralDiscussion,1,,ID_ME59CY,ID_MB6CO471,14:32:14.724011,1,5,7
GeneralDiscussion,1,,ID_OV20OL,ID_CKAKK7W8,14:32:22.680596,1,5,15
GeneralDiscussion,1,,ID_MDLK0U,ID_CA3H0W7V,09:39:22.702135,1,3,6
ID_GAV9,0,5.0,ID_7T2FVD,ID_BLDFNDJI,03:10:22.534749,1,3,2
ID_GAV9,0,5.0,ID_42V5DK,ID_BLDFNDJI,03:07:28.831953,1,3,2
GeneralDiscussion,1,,ID_8N1MH6,ID_BLDFNDJI,22:27:10.892523,1,3,2
GeneralDiscussion,1,,ID_K1TWVI,ID_QO22WG95,09:03:23.430752,1,4,26
GeneralDiscussion,1,,ID_REAPC9,ID_IF1EMH2D,13:33:21.854645,1,5,18
GeneralDiscussion,1,,ID_WLTBR8,ID_HWAO3KXZ,11:46:52.835146,1,1,14
ID_I9BN,0,,ID_KH5F2O,ID_S6SPDL0X,02:10:11.696523,1,2,10
GeneralDiscussion,1,,ID_J8CROW,ID_6FWB89V7,17:21:05.217983,1,1,11
ID_528W,0,3.0,ID_LZETUI,ID_6FWB89V7,09:24:17.887742,1,1,8
ID_528W,0,3.0,ID_RAFDGN,ID_6FWB89V7,21:36:13.593966,1,1,8
ID_528W,0,1.0,ID_2WS956,ID_6FWB89V7,21:31:41.002460,1,1,8
GeneralDiscussion,1,,ID_ACP61T,ID_6FWB89V7,13:36:40.340846,1,5,26
ID_GAV9,1,,ID_6G7EW4,ID_B2V5IS2D,18:51:06.321975,1,3,4
GeneralDiscussion,1,,ID_YK8HLM,ID_Y40PCCG2,22:28:59.217345,1,4,14
GeneralDiscussion,1,,ID_1T5AVY,ID_60X2HO6M,11:46:17.243327,1,1,28
GeneralDiscussion,1,,ID_CTG5GB,ID_60X2HO6M,11:41:36.848236,1,1,28
GeneralDiscussion,1,,ID_VGZ0A4,ID_5F9NZW6M,13:05:28.042531,1,1,24
GeneralDiscussion,1,,ID_FFB7MD,ID_5F9NZW6M,14:07:24.371738,1,1,14
GeneralDiscussion,1,,ID_LA755K,ID_5F9NZW6M,14:11:28.369838,1,1,14
GeneralDiscussion,1,,ID_13OFL3,ID_ISFHFK93,15:57:29.825694,1,12,24
ID_I9BN,0,3.0,ID_QRB7F0,ID_GQ2I7AMG,07:01:08.832329,1,3,15
GeneralDiscussion,1,,ID_HV3NDY,ID_RSFCWTSQ,15:27:22.931036,1,2,8
GeneralDiscussion,1,,ID_O9ELBK,ID_J1DNV3PX,09:22:06.579679,1,11,8
GeneralDiscussion,1,,ID_UTZ9NA,ID_J1DNV3PX,13:35:05.719339,1,12,4
GeneralDiscussion,1,,ID_KIOWAW,ID_J1DNV3PX,12:35:55.684631,1,12,18
GeneralDiscussion,1,,ID_B4Z5JQ,ID_J1DNV3PX,12:31:42.932101,1,12,18
GeneralDiscussion,1,,ID_JU4W4O,ID_J1DNV3PX,08:19:48.217355,1,12,5
GeneralDiscussion,0,,ID_G3UT22,ID_J1DNV3PX,10:13:41.924326,1,12,3
GeneralDiscussion,1,,ID_HJ2878,ID_J1DNV3PX,09:00:28.547931,1,11,10
GeneralDiscussion,1,,ID_B0YGL4,ID_J1DNV3PX,10:16:38.540838,1,12,4
GeneralDiscussion,1,,ID_ZIZFPP,ID_J1DNV3PX,10:26:30.486092,1,12,16
GeneralDiscussion,1,,ID_16T36X,ID_J1DNV3PX,11:37:27.526136,1,12,16
GeneralDiscussion,1,,ID_1OFJUD,ID_J1DNV3PX,12:15:50.721067,1,12,3
GeneralDiscussion,1,,ID_R2E7MI,ID_J1DNV3PX,10:35:51.797528,1,12,4
GeneralDiscussion,1,,ID_BLUGGB,ID_5MT9BGHX,15:23:58.804766,1,1,7
GeneralDiscussion,1,,ID_TFSC4K,ID_6PUTTSE0,13:21:00.224633,1,4,24
GeneralDiscussion,1,,ID_4LFTM2,ID_0M2LXT1A,19:44:53.433528,1,4,13
ID_GAV9,1,,ID_N7NVQL,ID_RGQ5CMRT,11:36:54.212400,1,3,4
ID_GAV9,0,1.0,ID_6VU7N8,ID_5EKYEEGO,19:05:36.591371,1,2,22
ID_GAV9,0,,ID_Q9WT9E,ID_5EKYEEGO,08:28:03.151481,1,2,26
GeneralDiscussion,1,,ID_IBYR1Z,ID_F6SA2BTI,13:52:02.200905,1,11,29
ID_WZ0H,1,,ID_6YZFAT,ID_0QPF6Q8V,14:27:52.636760,1,4,12
GeneralDiscussion,1,,ID_WDV8Z9,ID_0QPF6Q8V,14:33:36.316701,1,4,12
ID_XZ71,1,,ID_VU1PLH,ID_0QPF6Q8V,09:30:00.471508,1,4,30
GeneralDiscussion,1,,ID_IW9T3U,ID_R9QMVA0T,06:52:29.942589,1,2,8
ID_8B8I,1,,ID_N09MUK,ID_R9QMVA0T,16:05:20.792936,1,1,24
GeneralDiscussion,1,,ID_P5ZKI2,ID_I09B5SAE,12:25:58.536531,1,4,5
GeneralDiscussion,1,,ID_RBMDW0,ID_29WTP570,15:39:28.871756,1,1,3
ID_528W,0,1.0,ID_EY4LOW,ID_29WTP570,13:01:39.995382,1,1,3
GeneralDiscussion,1,,ID_CFVQ12,ID_ME2PQHBO,19:35:29.852599,1,2,25
ID_GR92,0,,ID_CKQCTO,ID_8NLD13PJ,17:39:02.609700,1,12,31
GeneralDiscussion,1,,ID_OXMYG8,ID_XKACHNUY,16:49:20.349274,1,4,17
GeneralDiscussion,1,,ID_AUECNM,ID_GNVAMSW8,14:34:29.076212,1,3,9
GeneralDiscussion,1,,ID_SY5CR9,ID_0HI8E3M8,09:11:52.389336,1,5,11
GeneralDiscussion,1,,ID_7QYRM8,ID_0HI8E3M8,09:14:55.583563,1,5,11
GeneralDiscussion,1,,ID_5K0A2S,ID_0HI8E3M8,19:38:42.942998,1,5,7
GeneralDiscussion,1,,ID_RG1C9D,ID_0HI8E3M8,09:12:40.561904,1,5,11
GeneralDiscussion,1,,ID_4AUHHY,ID_ZVUOMC0S,13:09:12.874549,1,3,4
ID_GAV9,1,,ID_S7DTW0,ID_ZVUOMC0S,13:35:55.556486,1,3,4
GeneralDiscussion,1,,ID_5XGRLL,ID_C78MA4IQ,13:46:18.992703,1,1,24
GeneralDiscussion,0,,ID_4KVJDK,ID_C78MA4IQ,14:09:33.468367,1,1,24
GeneralDiscussion,1,,ID_OOKKC3,ID_C0QUD2KC,18:43:52.125435,1,11,29
GeneralDiscussion,1,,ID_HW4QRK,ID_FBK68GYA,22:21:56.327924,1,11,29
GeneralDiscussion,1,,ID_UTPB0L,ID_5AS1L1EJ,03:09:42.503271,1,2,30
GeneralDiscussion,1,,ID_NEB2JH,ID_IF3PQUIP,13:34:26.960079,1,3,4
GeneralDiscussion,1,,ID_OVM21M,ID_ZHQ23E49,15:10:25.845591,1,5,18
GeneralDiscussion,1,,ID_ZB1YQC,ID_D85872UY,13:55:59.924061,1,4,3
GeneralDiscussion,1,,ID_XOUTWU,ID_KO0G10SE,17:21:59.920133,1,4,17
GeneralDiscussion,1,,ID_W38W66,ID_PCOK6YYS,02:42:22.408456,1,12,31
GeneralDiscussion,1,,ID_1M7DXO,ID_ZLW4C9XI,14:17:47.899796,1,1,24
GeneralDiscussion,1,,ID_L2FILM,ID_TZL5UD00,14:10:30.656385,1,1,24
GeneralDiscussion,1,,ID_5UXRVW,ID_U2EZCKOO,18:31:45.035293,1,5,15
GeneralDiscussion,1,,ID_CDZK0M,ID_W9C72G00,13:36:30.262457,1,3,16
GeneralDiscussion,1,,ID_5GUBOY,ID_W9C72G00,09:10:00.130233,1,4,2
ID_56O8,0,,ID_1EG4RX,ID_4DS3ZDJ2,08:49:54.260845,1,2,25
ID_528W,0,1.0,ID_LC5LJX,ID_4DS3ZDJ2,08:58:55.387463,1,1,9
GeneralDiscussion,1,,ID_IXR7D3,ID_M6F99Q39,13:20:40.504432,1,1,14
GeneralDiscussion,1,,ID_GNE9FC,ID_MNUN0Q5A,09:27:51.180978,1,1,3
ID_GAV9,1,,ID_PG3740,ID_NBEX82AU,14:09:03.844568,1,2,29
ID_GAV9,1,,ID_E2ZZLG,ID_011YM9VH,12:22:36.168698,1,3,2
GeneralDiscussion,1,,ID_56HUHN,ID_011YM9VH,17:41:56.080928,1,3,2
GeneralDiscussion,1,,ID_HS0VKP,ID_SIYSHXTJ,06:37:02.277182,1,3,29
ID_7YDI,1,,ID_1FZY8W,ID_BEBFF4DG,05:50:59.192603,1,2,15
GeneralDiscussion,1,,ID_CJ3TMR,ID_0RJ4YV3T,07:49:46.211901,1,5,20
GeneralDiscussion,1,,ID_ZQRYOA,ID_0RJ4YV3T,08:27:10.722917,1,5,20
GeneralDiscussion,0,,ID_7BVKP9,ID_0RJ4YV3T,08:22:13.028168,1,5,20
GeneralDiscussion,1,,ID_3Z34QM,ID_0RJ4YV3T,07:53:16.179785,1,5,20
ID_I9BN,1,,ID_DB0J8V,ID_SDBE69DC,17:46:51.069970,1,1,18
GeneralDiscussion,1,,ID_B9ZYZ1,ID_K910RT3K,18:29:36.514595,1,12,17
GeneralDiscussion,1,,ID_V5T2LM,ID_JHN8E969,18:55:51.044824,1,2,11
GeneralDiscussion,1,,ID_Q25CYY,ID_9PC08XPE,10:11:18.727592,1,1,3
GeneralDiscussion,1,,ID_LI8S2J,ID_1JOM93SV,03:49:37.845375,1,3,30
GeneralDiscussion,0,,ID_CSDAUN,ID_2PWSZDX8,12:26:44.855933,1,3,2
GeneralDiscussion,1,,ID_C4HAOZ,ID_ROZYLMJ1,15:23:14.335348,1,3,8
ID_528W,0,1.0,ID_OEPBI2,ID_AQIBV924,16:58:37.280431,1,1,21
GeneralDiscussion,1,,ID_N2R95F,ID_AQIBV924,17:02:31.740576,1,1,21
ID_528W,0,,ID_UKIIYZ,ID_AQIBV924,17:01:48.963489,1,1,21
GeneralDiscussion,1,,ID_J3ZCRX,ID_AQIBV924,18:26:48.404885,1,1,29
GeneralDiscussion,1,,ID_8POR2V,ID_IC6X6JS3,17:02:11.589377,1,2,31
GeneralDiscussion,1,,ID_K7BXO9,ID_R6I7YJEQ,08:10:24.693210,1,5,20
GeneralDiscussion,1,,ID_H6J5BG,ID_XDHRZOO5,14:10:18.895833,1,2,29
ID_JRC2,0,,ID_ZAYSD1,ID_5PLV4HLM,18:40:35.437541,1,3,16
ID_GAV9,0,1.0,ID_YCS19P,ID_KV3S14FS,07:36:40.036772,1,3,2
ID_GAV9,1,,ID_YB13OA,ID_KV3S14FS,03:08:23.579873,1,3,2
ID_7YDI,1,,ID_BLNNZD,ID_PCUKW6YQ,05:56:56.594469,1,2,15
GeneralDiscussion,1,,ID_5D1PPN,ID_AEVTL8NZ,16:21:40.853731,1,4,28
ID_528W,0,,ID_QNN63N,ID_7ICXZH0P,10:42:20.714477,1,12,29
GeneralDiscussion,1,,ID_MWKX93,ID_7ICXZH0P,13:05:25.170308,1,12,29
ID_528W,0,,ID_NUHWLL,ID_R28FKHBO,18:09:34.200846,1,1,30
ID_GR92,0,,ID_XIW6GY,ID_4856WUKZ,23:30:40.731113,1,1,3
GeneralDiscussion,1,,ID_1QNXNE,ID_4856WUKZ,15:57:12.965875,1,1,4
ID_GR92,0,1.0,ID_EXHMZ5,ID_4856WUKZ,22:04:10.672668,1,1,3
GeneralDiscussion,1,,ID_LX9C0R,ID_A7AERWZQ,18:29:14.748773,1,1,30
GeneralDiscussion,1,,ID_I06IV9,ID_YUJ5Z02R,09:21:12.119766,1,12,29
GeneralDiscussion,0,,ID_FQGAWW,ID_U201XKVA,14:58:15.999035,1,2,21
GeneralDiscussion,1,,ID_INCV3Q,ID_U201XKVA,19:21:28.948338,1,2,20
ID_GAV9,0,,ID_QGI2K9,ID_U201XKVA,19:19:31.124179,1,2,20
GeneralDiscussion,1,,ID_Z3ZSN4,ID_IPEGTG1X,05:36:23.737459,1,2,29
ID_8DGC,0,,ID_4F10F7,ID_J687MZVQ,21:02:51.329591,1,5,15
ID_7YDI,1,,ID_ILVXU4,ID_P7K6NTCC,06:12:41.024840,1,2,15
GeneralDiscussion,1,,ID_YPE2XB,ID_ASF2Z800,09:13:50.793114,1,1,20
ID_8B8I,1,,ID_WP7PFE,ID_ASF2Z800,19:28:54.242265,1,1,24
ID_20XL,1,,ID_6YEI28,ID_ASF2Z800,19:28:54.141089,1,1,24
GeneralDiscussion,1,,ID_9408WB,ID_4QN8K0FL,00:46:00.590562,1,1,8
ID_7CF2,0,1.0,ID_TQO70E,ID_WJZ31GIS,08:41:47.012370,1,2,23
ID_45W9,1,,ID_YPWJT1,ID_WJZ31GIS,09:48:22.417501,1,2,9
GeneralDiscussion,1,,ID_AKIFL8,ID_0I8QIFQ1,09:56:43.610361,1,12,29
GeneralDiscussion,1,,ID_TIPZFO,ID_3DNKAWRQ,22:54:10.281891,1,3,5
ID_HCN1,1,,ID_Q8J0AJ,ID_DK6FQW63,17:00:23.502915,1,5,5
GeneralDiscussion,1,,ID_6YIIWC,ID_5FNLWIOD,19:32:42.535906,1,2,11
ID_528W,0,,ID_IE0X05,ID_SD1IV0P4,19:57:46.475627,1,1,9
ID_528W,0,,ID_1ID2D8,ID_GKRH4XL7,04:57:52.131399,1,12,31
ID_GAV9,1,,ID_STVEIM,ID_1WVG7CNI,21:56:43.768402,1,3,5
GeneralDiscussion,1,,ID_S4YVP8,ID_43KXFZRW,14:12:19.748144,1,2,29
GeneralDiscussion,0,4.0,ID_W45J3U,ID_34TKE5A6,11:24:08.813583,1,4,26
ID_F7QD,0,5.0,ID_457SEL,ID_34TKE5A6,11:14:35.302702,1,4,25
GeneralDiscussion,1,,ID_3RBJZ4,ID_34TKE5A6,11:21:38.213274,1,4,25
ID_JRC2,0,1.0,ID_D3G7IL,ID_9UT1EQ33,15:23:13.829492,1,3,10
ID_528W,0,1.0,ID_KFGQRF,ID_9UT1EQ33,19:21:01.998829,1,1,20
ID_528W,0,1.0,ID_1CRFE0,ID_9UT1EQ33,09:23:17.882238,1,1,23
GeneralDiscussion,1,,ID_MVH097,ID_RZPQWNK7,06:07:53.449351,1,12,31
ID_528W,0,1.0,ID_2FV7GY,ID_RZPQWNK7,20:07:37.960252,1,12,29
GeneralDiscussion,1,,ID_AFDPYQ,ID_HQD5QUTJ,15:37:34.591969,1,3,4
ID_GAV9,1,,ID_O7KYVM,ID_3TJYUOYN,19:26:04.667864,1,3,5
GeneralDiscussion,1,,ID_7UXLD7,ID_O3DONS0F,17:26:23.164597,1,2,21
GeneralDiscussion,0,,ID_61582F,ID_O3DONS0F,17:11:34.715030,1,2,21
GeneralDiscussion,1,,ID_72ZNNL,ID_JAGR33YS,12:49:09.929556,1,12,29
GeneralDiscussion,1,,ID_RTEMZP,ID_P68EYVGD,05:19:17.598831,1,2,25
GeneralDiscussion,1,,ID_ZOAQ3T,ID_P68EYVGD,02:39:23.204988,1,2,28
GeneralDiscussion,1,,ID_KBKRFH,ID_P68EYVGD,16:16:35.570499,1,3,13
GeneralDiscussion,1,,ID_4TMFCU,ID_P68EYVGD,05:17:38.571050,1,2,25
GeneralDiscussion,1,,ID_943P3Y,ID_P68EYVGD,05:08:01.348356,1,2,25
GeneralDiscussion,1,,ID_QWZ364,ID_P68EYVGD,05:15:41.476204,1,2,25
GeneralDiscussion,1,,ID_BZVBOF,ID_P68EYVGD,05:30:23.931802,1,2,25
GeneralDiscussion,1,,ID_V5431U,ID_RQEQ74SK,13:03:11.426735,1,12,29
ID_528W,0,3.0,ID_GWZR2P,ID_0SXRNUSA,16:22:58.061681,1,1,7
ID_JRC2,0,1.0,ID_EBFMSH,ID_0SXRNUSA,21:39:21.430334,1,3,11
ID_JRC2,0,2.0,ID_FB4P96,ID_0SXRNUSA,22:24:40.565292,1,3,12
ID_528W,0,2.0,ID_G0JSD2,ID_0SXRNUSA,16:56:21.054982,1,2,3
ID_GR92,1,,ID_4KA6SY,ID_5KIKCV5C,12:48:53.884568,1,1,26
GeneralDiscussion,1,,ID_6QK25Q,ID_XZYXGAN6,12:41:46.631244,1,3,27
GeneralDiscussion,1,,ID_XREUCH,ID_A8EW7SV5,06:18:23.233125,1,11,15
GeneralDiscussion,1,,ID_B7HFEF,ID_C4YWC2KV,16:31:04.081089,1,5,3
GeneralDiscussion,1,,ID_TXDF7E,ID_C4YWC2KV,22:17:16.255390,1,4,22
GeneralDiscussion,1,,ID_RBUJ8N,ID_C4YWC2KV,20:59:15.781530,1,4,17
GeneralDiscussion,1,,ID_UET35E,ID_C4YWC2KV,20:53:59.558955,1,4,17
GeneralDiscussion,1,,ID_I7X5EO,ID_C4YWC2KV,22:43:54.922232,1,4,21
GeneralDiscussion,1,,ID_IQ45ME,ID_C4YWC2KV,11:44:57.373539,1,5,7
GeneralDiscussion,1,,ID_WZNPRQ,ID_8NID9ABC,14:42:55.716670,1,2,15
GeneralDiscussion,1,,ID_KWH4JO,ID_8NID9ABC,15:18:41.028018,1,2,15
GeneralDiscussion,1,,ID_VKGLFA,ID_8NID9ABC,14:52:05.218956,1,2,15
GeneralDiscussion,1,,ID_SGKXLH,ID_8NID9ABC,16:17:43.880093,1,2,15
GeneralDiscussion,1,,ID_VR08XO,ID_V5EKHIAA,07:24:16.244932,1,2,14
ID_7YDI,1,,ID_9XI8LA,ID_V5EKHIAA,13:15:09.350420,1,2,15
GeneralDiscussion,1,,ID_0V8W2D,ID_JW0XFUR6,16:31:22.774947,1,3,4
GeneralDiscussion,1,,ID_KBHVGY,ID_CKUIQ0XV,19:29:38.450748,1,5,14
ID_F7QD,0,,ID_ZKFHYF,ID_94E1O094,18:00:11.603048,1,4,16
GeneralDiscussion,1,,ID_XD3Z5F,ID_YCIFFCJA,05:33:33.358534,1,1,8
GeneralDiscussion,1,,ID_QR596Z,ID_XU39Q62W,07:25:29.910685,1,2,14
GeneralDiscussion,0,,ID_J9YPVQ,ID_XU39Q62W,07:28:11.011150,1,2,14
GeneralDiscussion,1,,ID_VMS16E,ID_5DQMGGQF,04:19:31.530972,1,5,21
GeneralDiscussion,0,1.0,ID_3FL4NX,ID_RD4EFISK,02:31:48.892687,1,12,25
GeneralDiscussion,1,,ID_KXFWT3,ID_XDH8IJ1N,19:24:43.755781,1,1,30
ID_20XL,0,,ID_NS58ED,ID_XDH8IJ1N,20:19:18.852473,1,4,5
GeneralDiscussion,1,,ID_P73835,ID_XDH8IJ1N,11:29:27.541003,1,5,13
ID_PDKH,1,,ID_316E0U,ID_SLPRHQVH,23:05:57.042222,1,12,24
ID_7YDI,1,,ID_EQUJ1Y,ID_3ZWIRBH6,07:11:49.815518,1,2,15
GeneralDiscussion,0,2.0,ID_MH3ZEB,ID_Y4XDFF95,19:58:38.581462,1,5,12
GeneralDiscussion,1,,ID_QA79U8,ID_WO413KN4,14:46:08.881246,1,5,18
GeneralDiscussion,1,,ID_1E9XQ1,ID_06C3AY6T,13:51:00.165005,1,1,16
ID_I9BN,1,,ID_WKN6I8,ID_6RUX54I5,18:32:12.793788,1,12,17
ID_CMWO,1,,ID_D48EP3,ID_G0FQV5V1,08:34:45.622540,1,5,24
GeneralDiscussion,1,,ID_H8HZSQ,ID_R48FY71V,21:26:44.954144,1,1,9
GeneralDiscussion,1,,ID_G5PGEN,ID_PG64ZY18,14:54:34.310214,1,2,13
ID_56O8,0,1.0,ID_CNJH5V,ID_PG64ZY18,19:36:45.445319,1,1,29
ID_56O8,0,1.0,ID_LBF8N2,ID_PG64ZY18,17:23:28.978420,1,2,12
GeneralDiscussion,1,,ID_RODT2O,ID_HC4JG53U,12:47:59.732250,1,1,3
GeneralDiscussion,1,,ID_DW5BVV,ID_GRK0PY5B,07:18:33.314013,1,1,4
GeneralDiscussion,1,,ID_8IPPFK,ID_NZ8VZ6AR,07:52:01.546798,1,2,29
GeneralDiscussion,1,,ID_SF2NV7,ID_P6OF71R2,21:59:33.321945,1,2,25
GeneralDiscussion,1,,ID_B6VNVQ,ID_XS1XZRMC,19:11:24.306646,1,4,16
GeneralDiscussion,1,,ID_CC2PF1,ID_LSFLNLSY,19:15:43.150216,1,1,11
ID_7YDI,1,,ID_ZVFDOU,ID_LZGD1Q39,07:59:36.387663,1,2,15
ID_GAV9,1,,ID_EPNDNH,ID_Q056Y1TS,10:43:51.882127,1,3,4
GeneralDiscussion,1,,ID_C4TKCG,ID_QBUI1AM5,16:08:29.963488,1,3,6
GeneralDiscussion,1,,ID_X4LLNM,ID_A1O1Y649,06:00:50.160411,1,2,1
GeneralDiscussion,1,,ID_RONOQY,ID_ZFAEH8BC,17:07:33.176360,1,2,1
GeneralDiscussion,1,,ID_8IYX5N,ID_YSQ7NA5X,09:03:49.859032,1,5,25
GeneralDiscussion,1,,ID_KCT330,ID_QS1JZ6Q8,17:52:59.994478,1,5,18
GeneralDiscussion,1,,ID_VQF90P,ID_D4SFQXQM,12:39:05.819146,1,11,7
ID_I9BN,0,5.0,ID_GJH1P2,ID_U7FKHHW1,14:54:14.396572,1,3,4
ID_I9BN,0,2.0,ID_A1S4P3,ID_U7FKHHW1,10:12:43.216684,1,1,25
GeneralDiscussion,1,,ID_4Z84I9,ID_U7FKHHW1,10:48:10.846579,1,3,13
GeneralDiscussion,1,,ID_ZCMYUC,ID_NOPDIGFM,09:19:14.022527,1,3,21
GeneralDiscussion,1,,ID_OUGNXG,ID_NOPDIGFM,17:34:46.019317,1,4,5
GeneralDiscussion,1,,ID_KXDTQL,ID_NOPDIGFM,07:19:33.197158,1,3,22
GeneralDiscussion,1,,ID_E2RTK0,ID_NOPDIGFM,07:25:51.353127,1,3,22
GeneralDiscussion,1,,ID_1M0RZ5,ID_NOPDIGFM,07:26:52.184910,1,3,22
GeneralDiscussion,1,,ID_VJGI9V,ID_NOPDIGFM,07:27:25.769058,1,3,22
GeneralDiscussion,1,,ID_0IC5EW,ID_NOPDIGFM,20:24:49.684429,1,2,14
GeneralDiscussion,1,,ID_NNFDWT,ID_NOPDIGFM,10:24:02.334770,1,3,30
GeneralDiscussion,1,,ID_ZO2OY1,ID_NOPDIGFM,10:58:09.812933,1,3,22
GeneralDiscussion,1,,ID_B7KJRJ,ID_NOPDIGFM,19:41:45.731450,1,3,30
GeneralDiscussion,1,,ID_28REXA,ID_NOPDIGFM,09:07:24.438873,1,3,21
GeneralDiscussion,1,,ID_6AEJES,ID_NOPDIGFM,19:49:21.171239,1,2,14
GeneralDiscussion,1,,ID_6R8FV7,ID_NOPDIGFM,12:10:15.813709,1,2,15
GeneralDiscussion,1,,ID_XP9UXF,ID_NOPDIGFM,19:43:11.760220,1,2,10
GeneralDiscussion,1,,ID_TBB94E,ID_NOPDIGFM,06:53:13.112545,1,2,15
GeneralDiscussion,1,,ID_0UUO7Z,ID_99LRGQMS,08:35:57.840696,1,4,5
GeneralDiscussion,1,,ID_HG0JB2,ID_NILTYSPH,11:21:03.994864,1,1,23
GeneralDiscussion,1,,ID_A5VTFM,ID_RKBD2N11,15:29:42.704180,1,5,7
GeneralDiscussion,1,,ID_GY26AX,ID_DDSVZY4P,09:18:09.465824,1,1,4
GeneralDiscussion,1,,ID_GQ6LTJ,ID_LFJFIRYC,07:41:15.646339,1,3,26
GeneralDiscussion,0,,ID_4H0H3F,ID_VL4ED6U8,17:02:36.820915,1,3,2
GeneralDiscussion,1,,ID_Q2ZV1O,ID_BGZO0PTI,18:11:37.864453,1,4,28
ID_I9BN,0,4.0,ID_M3B5CN,ID_E5X4ESHB,05:01:39.617206,1,2,25
GeneralDiscussion,1,,ID_PBJBAB,ID_Y5D6LTDR,08:18:43.125340,1,2,15
ID_I9BN,0,,ID_0R0UH4,ID_Y5D6LTDR,10:55:12.827878,1,3,1
GeneralDiscussion,1,,ID_FTY698,ID_Y5D6LTDR,12:08:20.100932,1,2,8
ID_GAV9,1,,ID_2FEYPP,ID_HJ3G6QWA,13:22:49.181364,1,3,8
ID_GAV9,0,,ID_GS4QSJ,ID_HJ3G6QWA,18:12:50.578340,1,3,3
GeneralDiscussion,1,,ID_63VRLC,ID_96O5PVEP,18:39:34.819228,1,1,20
ID_I9BN,0,1.0,ID_85N7JD,ID_YKMUQUT0,17:09:20.836629,1,12,16
ID_I9BN,0,,ID_BN1ECZ,ID_YKMUQUT0,17:12:22.112064,1,12,16
GeneralDiscussion,1,,ID_IN31XT,ID_B6V7SME9,18:40:22.492622,1,12,29
GeneralDiscussion,1,,ID_OH2JR9,ID_CWHGRTV5,07:00:33.192656,1,4,21
GeneralDiscussion,1,,ID_N643GV,ID_PFND37AZ,16:33:46.422699,1,1,6
GeneralDiscussion,1,,ID_LKXXTT,ID_DRUAA4WO,19:20:00.256670,1,12,29
ID_KU2G,1,,ID_ZSIWNN,ID_UUYR87IO,07:06:38.568844,1,4,21
ID_GAV9,1,,ID_DVY1D7,ID_AB46F76X,17:34:21.355244,1,3,2
ID_GAV9,0,5.0,ID_THFE8Y,ID_AB46F76X,16:53:51.934793,1,2,20
GeneralDiscussion,1,,ID_6HZ2PB,ID_CUMDRBSU,17:55:46.146631,1,3,2
ID_7CF2,1,,ID_9OEWDN,ID_CUMDRBSU,20:50:29.144063,1,3,2
GeneralDiscussion,1,,ID_KOVCW9,ID_PNZ9T1TJ,17:39:13.610069,1,2,24
GeneralDiscussion,1,,ID_ROTOJ4,ID_PNZ9T1TJ,17:36:44.814865,1,2,24
GeneralDiscussion,1,,ID_88JUJZ,ID_NNKGDGXG,16:32:25.239693,1,4,26
ID_KU2G,0,1.0,ID_UIT330,ID_NNKGDGXG,16:32:48.787905,1,4,26
GeneralDiscussion,1,,ID_UDIV3U,ID_I490PJTS,07:12:15.907035,1,4,21
GeneralDiscussion,1,,ID_BAS4B2,ID_RQJL7XUV,07:14:12.671281,1,4,21
GeneralDiscussion,1,,ID_18MONK,ID_SNWB1GI4,07:51:01.079019,1,4,18
ID_WZ0H,1,,ID_ACID6S,ID_Z33XCY3Z,07:43:34.599394,1,5,18
GeneralDiscussion,1,,ID_KCJM7K,ID_TROKANDP,19:51:40.738452,1,12,29
ID_528W,0,,ID_DPDGDZ,ID_TROKANDP,09:27:50.300122,1,1,27
GeneralDiscussion,1,,ID_PSQARX,ID_LK2XH0M4,17:21:35.506813,1,4,26
GeneralDiscussion,1,,ID_I7VC4T,ID_LK2XH0M4,19:25:09.331841,1,4,23
GeneralDiscussion,1,,ID_GTZZM7,ID_EETPTWKZ,08:08:17.020731,1,3,4
ID_GAV9,1,,ID_JZQ4GO,ID_HHUDPL25,20:30:04.459533,1,2,20
GeneralDiscussion,1,,ID_M2W0J8,ID_KMJJG52H,19:16:07.005084,1,3,1
GeneralDiscussion,1,,ID_XHJY7K,ID_EMWATOK0,12:33:23.627508,1,1,4
GeneralDiscussion,1,,ID_323UJC,ID_PNADKFXR,09:05:29.100649,1,5,3
ID_KU2G,0,1.0,ID_JC3AJJ,ID_PNADKFXR,15:50:53.083652,1,5,3
ID_KU2G,1,,ID_SOYQS4,ID_PNADKFXR,10:15:58.618219,1,4,1
GeneralDiscussion,1,,ID_2XSK4Y,ID_PNADKFXR,09:03:40.341458,1,5,3
GeneralDiscussion,1,,ID_0VUK8H,ID_PNADKFXR,07:08:15.874424,1,4,25
GeneralDiscussion,1,,ID_27NP94,ID_PNADKFXR,21:42:06.888725,1,5,23
ID_IMTG,1,,ID_DJFGRU,ID_7D2CMXBU,04:01:18.622455,1,5,18
GeneralDiscussion,1,,ID_EE5GSZ,ID_7D2CMXBU,17:19:54.004909,1,5,19
GeneralDiscussion,1,,ID_OT217H,ID_DPA88R5Q,18:21:04.527190,1,1,24
GeneralDiscussion,1,,ID_V7QELV,ID_EXKHR6UZ,05:36:12.725467,1,2,7
GeneralDiscussion,1,,ID_UQR6X2,ID_35YWXUU8,05:56:25.327468,1,3,6
GeneralDiscussion,1,,ID_7GGPSE,ID_35YWXUU8,12:43:06.177305,1,3,7
GeneralDiscussion,1,,ID_21H7ZO,ID_93WPL748,19:15:23.104353,1,3,2
GeneralDiscussion,1,,ID_DU3U0L,ID_LB5Z2205,03:16:38.624177,1,5,16
GeneralDiscussion,1,,ID_2T2J2S,ID_SBTW8S21,19:32:26.956207,1,5,4
GeneralDiscussion,1,,ID_2NNG11,ID_GAXXOYPL,00:38:45.445252,1,5,6
GeneralDiscussion,1,,ID_R1KLHG,ID_GAXXOYPL,00:32:51.037810,1,5,6
GeneralDiscussion,1,,ID_D0UWT6,ID_GAXXOYPL,00:36:47.017434,1,5,6
GeneralDiscussion,1,,ID_5MS4A3,ID_YUTK1FMO,07:28:40.997829,1,2,27
GeneralDiscussion,1,,ID_8B7O3F,ID_I2BWZCWU,11:35:44.294240,1,1,1
GeneralDiscussion,1,,ID_54NGF1,ID_L3SE5MXW,06:33:29.498014,1,1,30
ID_528W,0,1.0,ID_GCOB3J,ID_L3SE5MXW,10:47:31.248444,1,1,7
GeneralDiscussion,1,,ID_CUJ90I,ID_30PU8XE2,07:29:21.253021,1,2,27
ID_GAV9,1,,ID_ZOPIV9,ID_5Z2P581W,10:08:13.933555,1,2,25
GeneralDiscussion,1,,ID_PILTLF,ID_5Z2P581W,13:17:06.065221,1,2,28
GeneralDiscussion,1,,ID_X7PH7R,ID_7ZFCPMNW,20:23:36.665608,1,3,6
GeneralDiscussion,1,,ID_GSQ3JG,ID_H0X3FN7M,18:48:50.758439,1,3,6
GeneralDiscussion,1,,ID_XKSENA,ID_60DQOSH5,06:52:42.385163,1,3,24
GeneralDiscussion,1,,ID_D4RTHY,ID_E17DNGIV,00:02:59.052684,1,1,10
ID_GAV9,1,,ID_QVJSG9,ID_AKMSODUY,05:46:45.925495,1,3,8
GeneralDiscussion,1,,ID_41HBEM,ID_LSIU7P17,10:53:16.867621,1,1,8
GeneralDiscussion,0,2.0,ID_SU9B8U,ID_LSIU7P17,10:30:08.964369,1,1,8
ID_6E1C,0,,ID_73U232,ID_P5AUPE7P,00:14:08.899041,1,1,21
GeneralDiscussion,1,,ID_2KERDA,ID_P5AUPE7P,22:10:34.441349,1,3,11
GeneralDiscussion,1,,ID_IFP1X9,ID_W525GEFU,01:51:33.804214,1,3,22
GeneralDiscussion,1,,ID_Z75KV0,ID_JVNVYYZ7,09:34:04.791532,1,4,7
GeneralDiscussion,1,,ID_5NGGHB,ID_JVNVYYZ7,14:26:18.039085,1,4,7
GeneralDiscussion,1,,ID_C1S7CI,ID_LJIUUOM5,12:31:10.365411,1,3,28
GeneralDiscussion,1,,ID_EMDWEQ,ID_VHTEL7C8,07:59:39.544327,1,4,15
ID_7YDI,1,,ID_22LTZ1,ID_GTC77V39,09:10:53.116834,1,2,15
GeneralDiscussion,1,,ID_IK49F3,ID_SO1R7ALZ,19:48:54.350154,1,3,4
ID_GAV9,1,,ID_J52UV3,ID_EQB42YPK,21:05:59.239603,1,3,2
ID_7YDI,1,,ID_YTMDME,ID_4HEOPJ31,08:17:01.954623,1,2,15
GeneralDiscussion,1,,ID_JB2A2N,ID_4HEOPJ31,20:47:26.656284,1,2,16
GeneralDiscussion,1,,ID_GCAA23,ID_628ZBQM3,19:58:28.016077,1,3,4
ID_GAV9,1,,ID_1QCLG6,ID_628ZBQM3,20:56:53.906968,1,3,7
GeneralDiscussion,1,,ID_TE39BV,ID_AFVOVXW3,14:15:28.287003,1,1,4
ID_GAV9,1,,ID_LTICTS,ID_78NWNKG2,17:47:14.426354,1,2,24
GeneralDiscussion,1,,ID_9YK9LW,ID_IPA2IMUO,01:48:44.603272,1,1,10
GeneralDiscussion,1,,ID_BNER6Q,ID_IPA2IMUO,01:45:23.104900,1,1,10
GeneralDiscussion,0,1.0,ID_AP5PK1,ID_BAPI670K,10:26:15.495690,1,1,8
GeneralDiscussion,1,,ID_PWTCXD,ID_PLO0RWG8,21:44:36.439087,1,3,2
GeneralDiscussion,1,,ID_HYGIQL,ID_8Y2NDW7V,15:47:37.173767,1,3,12
ID_20XL,0,,ID_RVRAGS,ID_PWDGZL89,21:28:39.119234,1,1,14
ID_20XL,0,3.0,ID_5EFKFF,ID_PWDGZL89,00:10:07.088140,1,1,11
ID_IMTG,1,,ID_OUPHCO,ID_MVQVZXQ1,04:26:23.211949,1,5,16
GeneralDiscussion,0,,ID_EH7SAV,ID_E74EEO6T,06:49:14.456949,1,5,11
GeneralDiscussion,1,,ID_PM7CAU,ID_AL24Q6O5,06:39:07.087125,1,12,30
GeneralDiscussion,1,,ID_Z54OVG,ID_XQNKEOS6,15:42:17.316384,1,4,1
GeneralDiscussion,1,,ID_IYBG9M,ID_KYTVBNH6,20:09:04.132094,1,3,4
ID_GAV9,1,,ID_PA1XOT,ID_KYTVBNH6,20:47:52.597855,1,3,4
ID_GAV9,1,,ID_C2QH25,ID_1IBT7J6W,20:08:33.027122,1,3,4
GeneralDiscussion,1,,ID_V9F3AC,ID_W8MCT8YD,08:55:26.915380,1,4,21
ID_GAV9,1,,ID_EGNLRG,ID_D2JGO8U2,20:09:48.655956,1,3,4
GeneralDiscussion,1,,ID_PAU53Q,ID_D2JGO8U2,07:44:14.679614,1,2,30
GeneralDiscussion,1,,ID_9L3QLY,ID_UNZUJUQP,22:10:08.665775,1,3,2
GeneralDiscussion,1,,ID_Z605HH,ID_9ARGSWSZ,09:11:49.704212,1,4,21
GeneralDiscussion,1,,ID_LXGMFX,ID_126035RZ,02:17:09.152201,1,2,26
ID_7YDI,1,,ID_Z9NBM5,ID_IA98U3GD,13:27:10.351365,1,2,15
GeneralDiscussion,1,,ID_LLQNH3,ID_J6K84F0X,21:22:50.851509,1,5,26
GeneralDiscussion,1,,ID_RDSJ9M,ID_TFJHRW7Q,18:10:33.016033,1,3,22
ID_JRC2,0,1.0,ID_QKL17M,ID_TFJHRW7Q,14:45:49.519710,1,4,4
ID_GAV9,1,,ID_TPIWHM,ID_IH609U5I,20:37:07.295903,1,3,4
GeneralDiscussion,1,,ID_V6YH2R,ID_EZS9F1RQ,22:41:35.612093,1,3,2
ID_7YDI,1,,ID_4ELI3I,ID_HTG0WOCY,05:56:31.060341,1,2,15
GeneralDiscussion,1,,ID_6TLOU6,ID_WAFIP4VX,21:22:50.694949,1,4,30
GeneralDiscussion,1,,ID_LKO30U,ID_C8J3CP5Z,20:48:36.099611,1,3,4
GeneralDiscussion,1,,ID_LIMFSS,ID_2EIMSO3U,23:36:05.124008,1,3,2
ID_GAV9,1,,ID_OX6VET,ID_KYF9P35V,20:51:07.362854,1,3,4
GeneralDiscussion,1,,ID_GSA4YP,ID_5XF9NQVN,21:06:55.210663,1,3,4
GeneralDiscussion,1,,ID_7Z8ECQ,ID_F78UNK7U,16:08:47.299374,1,1,4
GeneralDiscussion,1,,ID_0LLYYE,ID_C24NKDU6,19:28:09.102483,1,2,24
GeneralDiscussion,1,,ID_Z9JMVC,ID_ZAATEZCA,07:00:03.111464,1,5,12
ID_GAV9,1,,ID_YQ7PAQ,ID_EK92QHCC,20:29:59.398493,1,3,8
ID_GAV9,0,,ID_4QLEIA,ID_XSPA7ERH,21:17:45.238129,1,3,4
ID_GAV9,0,5.0,ID_JET2BU,ID_XSPA7ERH,21:15:28.858873,1,3,4
GeneralDiscussion,1,,ID_NDJXC9,ID_XSPA7ERH,07:16:09.894218,1,3,5
ID_GAV9,1,,ID_PX2S4V,ID_XSPA7ERH,07:23:05.634524,1,3,5
GeneralDiscussion,1,,ID_ZW1JZT,ID_RZN46M5X,07:40:57.666854,1,3,16
GeneralDiscussion,1,,ID_GLYSW2,ID_B0JPI173,08:59:02.177712,1,12,27
GeneralDiscussion,1,,ID_8YM0B4,ID_J4QUF9AX,03:58:04.572547,1,2,26
GeneralDiscussion,1,,ID_VR5FVU,ID_XB2LQ1U7,01:23:33.732582,1,3,3
GeneralDiscussion,1,,ID_LG0W3Q,ID_46NACEL2,21:19:10.842111,1,3,4
GeneralDiscussion,1,,ID_5BUUTY,ID_46NACEL2,21:19:10.837163,1,3,4
GeneralDiscussion,1,,ID_NBQALU,ID_TPXCO3Y9,20:50:36.675584,1,2,7
GeneralDiscussion,1,,ID_JXQ7TZ,ID_Y0HRP2XD,21:41:10.269943,1,3,4
GeneralDiscussion,1,,ID_XL0HZ6,ID_TF1R4URN,21:28:40.315691,1,3,4
GeneralDiscussion,1,,ID_2KHFWN,ID_SHMS1D2S,21:25:59.486243,1,3,4
GeneralDiscussion,1,,ID_UIHW12,ID_5J2NZ4VT,10:01:20.233685,1,12,30
GeneralDiscussion,0,,ID_KJW6MS,ID_QA10DVFJ,09:48:05.907307,1,3,29
ID_7YDI,1,,ID_Z4QZLB,ID_EB0N5RGR,09:35:55.755765,1,2,15
GeneralDiscussion,1,,ID_M5CYLK,ID_5DY3L4IP,04:43:46.119380,1,3,22
GeneralDiscussion,1,,ID_AC3LBV,ID_DZTDIJRL,09:47:56.644097,1,12,27
GeneralDiscussion,1,,ID_VB97OC,ID_73UJN86W,10:55:29.903785,1,12,27
ID_WZ0H,1,,ID_5N6RHH,ID_JRCVF4HR,11:19:53.834874,1,4,15
GeneralDiscussion,1,,ID_1Q2HX4,ID_JRCVF4HR,10:43:14.900390,1,3,19
GeneralDiscussion,1,,ID_IA98Z9,ID_ZDAVDH08,09:30:29.723646,1,12,27
GeneralDiscussion,0,,ID_0P1934,ID_ZDAVDH08,10:24:20.318463,1,12,27
ID_GR92,0,,ID_CVXQEH,ID_ZDAVDH08,10:18:36.171246,1,12,27
GeneralDiscussion,1,,ID_5F9QGU,ID_2LI6CG54,09:54:15.740967,1,12,27
GeneralDiscussion,1,,ID_HB8V4M,ID_6LWE19YA,10:04:44.294967,1,12,27
GeneralDiscussion,1,,ID_YIW9C7,ID_GB6D4ANI,10:30:43.493964,1,12,27
GeneralDiscussion,1,,ID_GYSG51,ID_M2YH97VM,04:12:13.089687,1,5,13
GeneralDiscussion,1,,ID_M3NACF,ID_I1E5Q4RR,02:24:23.041150,1,4,28
GeneralDiscussion,1,,ID_EPES0P,ID_8QY3IV8H,16:29:37.893527,1,3,20
GeneralDiscussion,1,,ID_LCH8H0,ID_8QY3IV8H,16:26:46.551323,1,3,20
ID_GAV9,0,5.0,ID_77U0XJ,ID_8QY3IV8H,15:16:49.233207,1,2,31
ID_GAV9,1,,ID_XTSHWB,ID_8QY3IV8H,14:58:35.759472,1,2,31
ID_9BU8,0,3.0,ID_EEODEA,ID_7AYDNLJE,07:20:09.146242,1,1,9
GeneralDiscussion,1,,ID_ZZUILN,ID_7AYDNLJE,07:23:09.531813,1,1,9
ID_XZ71,0,,ID_841HPQ,ID_KIUSIFLZ,10:09:31.441508,1,5,20
GeneralDiscussion,1,,ID_1O1CMS,ID_OL0BTDUT,10:35:51.413300,1,5,20
GeneralDiscussion,1,,ID_2CTPKU,ID_7HY0LWJH,09:04:28.206693,1,3,17
ID_JRC2,0,,ID_FMNFPZ,ID_7HY0LWJH,08:35:46.391415,1,3,17
GeneralDiscussion,1,,ID_EHEIK7,ID_7HY0LWJH,17:40:09.612968,1,3,17
GeneralDiscussion,1,,ID_AF3LFL,ID_7HY0LWJH,09:29:29.533491,1,5,9
ID_528W,0,3.0,ID_PI8XG2,ID_BQ8BPAQB,18:58:36.330276,1,1,4
GeneralDiscussion,1,,ID_W9N7ZC,ID_MDHC94UD,19:29:04.559071,1,2,24
GeneralDiscussion,1,,ID_VYFDD1,ID_QBIW86KF,19:44:43.540987,1,2,20
GeneralDiscussion,1,,ID_36V00B,ID_N9KRIRCG,20:05:47.543126,1,2,20
GeneralDiscussion,1,,ID_EA1O63,ID_LLV1IGXO,09:01:48.263482,1,1,21
GeneralDiscussion,1,,ID_3S2PQ1,ID_21VIWJDD,14:41:00.239631,1,12,25
GeneralDiscussion,1,,ID_TXOAZS,ID_NCZM5RWJ,13:06:50.499076,1,12,29
GeneralDiscussion,1,,ID_HDJZH0,ID_TEA3KBF0,07:34:48.843749,1,3,15
GeneralDiscussion,1,,ID_KST3KB,ID_DK37IV1I,09:37:31.491400,1,2,15
GeneralDiscussion,1,,ID_QKWF0K,ID_L3OG3GUH,21:25:29.680584,1,1,6
ID_AL6C,0,,ID_Z4WUB8,ID_JHTL8NV3,01:55:08.239669,1,11,5
GeneralDiscussion,1,,ID_B9H471,ID_0BNCEHIQ,10:05:24.167553,1,3,24
ID_GAV9,1,,ID_YHB0YI,ID_ZGBP9WQS,16:30:26.192331,1,2,22
GeneralDiscussion,1,,ID_C9ZNYY,ID_ZGBP9WQS,15:02:06.892885,1,2,29
GeneralDiscussion,1,,ID_AJKCOX,ID_ZGBP9WQS,10:23:11.087815,1,3,8
ID_7YDI,1,,ID_ACJQOK,ID_M3USP4Y8,16:51:17.728563,1,2,15
ID_UU4Y,0,1.0,ID_MZC11A,ID_OSRWTQ0L,06:25:01.626272,1,1,25
GeneralDiscussion,1,,ID_2DFVPP,ID_J3O11FBH,19:03:29.679845,1,1,24
GeneralDiscussion,0,,ID_4AUDMJ,ID_J3O11FBH,19:05:49.819938,1,1,24
GeneralDiscussion,1,,ID_W1JN3T,ID_CBRDD06U,12:55:47.429032,1,4,7
GeneralDiscussion,1,,ID_11CJP5,ID_P3B83LIZ,02:50:06.109134,1,4,28
GeneralDiscussion,1,,ID_TSI1NB,ID_Y691G39Z,08:59:57.778219,1,2,12
GeneralDiscussion,1,,ID_4N76XA,ID_R09HV957,16:03:27.240772,1,12,29
GeneralDiscussion,1,,ID_B92FLK,ID_R09HV957,22:22:29.399077,1,1,4
GeneralDiscussion,1,,ID_AS0DZ8,ID_CRUF2N9U,10:34:52.296485,1,3,19
GeneralDiscussion,1,,ID_I2GXL1,ID_38NSDN2P,18:29:18.116258,1,3,1
ID_PDKH,0,5.0,ID_E4R0I5,ID_LAX472KM,04:08:57.820997,1,12,29
GeneralDiscussion,1,,ID_TIZYBM,ID_CE0VYS5E,22:23:06.826395,1,1,14
GeneralDiscussion,0,2.0,ID_LL4EFW,ID_L818GB2T,05:46:02.643141,1,5,13
GeneralDiscussion,1,,ID_ILG9FX,ID_OLHE2H3H,09:59:58.036604,1,5,2
GeneralDiscussion,0,,ID_UFSP2Q,ID_OLHE2H3H,10:07:26.078325,1,5,2
ID_BXIL,0,4.0,ID_PP9Z38,ID_OLHE2H3H,18:06:07.076277,1,4,11
ID_BXIL,0,4.0,ID_U8QHO4,ID_OLHE2H3H,11:32:10.998694,1,5,5
GeneralDiscussion,1,,ID_TOMG36,ID_O0W2OBHQ,16:30:26.419020,1,5,7
GeneralDiscussion,1,,ID_XQWLO7,ID_8I081N8M,15:47:30.073282,1,5,10
ID_CYEF,0,1.0,ID_XBZS7Z,ID_8I081N8M,11:51:15.017802,1,5,11
ID_8BH9,0,1.0,ID_LMEHDB,ID_8I081N8M,15:29:57.405889,1,5,10
GeneralDiscussion,1,,ID_0G4M0Z,ID_BWDAPEER,23:03:28.149676,1,1,4
GeneralDiscussion,1,,ID_31HAFP,ID_BWDAPEER,23:04:48.955135,1,1,4
GeneralDiscussion,1,,ID_XFR0NE,ID_BWDAPEER,23:22:13.797132,1,1,4
GeneralDiscussion,1,,ID_UHWGIV,ID_BWDAPEER,21:39:09.154386,1,1,5
GeneralDiscussion,1,,ID_UQN2DX,ID_U1IJB9D9,20:05:21.678545,1,1,28
GeneralDiscussion,1,,ID_G9QXU8,ID_G1IPPV4H,00:30:32.770847,1,1,5
ID_JRC2,0,1.0,ID_78KT2J,ID_8MD62EZ0,03:56:49.868874,1,2,20
GeneralDiscussion,1,,ID_MNSWJP,ID_1XN58O6V,06:18:07.970463,1,2,22
GeneralDiscussion,0,1.0,ID_X0VKLM,ID_1XN58O6V,06:18:16.978353,1,2,22
GeneralDiscussion,1,,ID_2KE52R,ID_BVRPNWXY,12:26:15.424541,1,1,3
GeneralDiscussion,1,,ID_UTGCM4,ID_SYB2Q1WD,10:29:07.449401,1,3,19
GeneralDiscussion,1,,ID_P88ZU9,ID_3WKBGVOY,12:28:52.252052,1,1,3
ID_GAV9,0,2.0,ID_5EM2OB,ID_5Q1JC85M,18:09:18.008503,1,3,5
ID_GAV9,1,,ID_HN80MZ,ID_5Q1JC85M,09:15:27.212700,1,3,4
ID_GAV9,0,,ID_U41MAO,ID_5Q1JC85M,18:12:47.006845,1,3,5
ID_20XL,0,,ID_RQX7DO,ID_YGEGU370,05:55:27.156834,1,3,18
GeneralDiscussion,1,,ID_P5BRCM,ID_6E61YCH6,06:37:09.694121,1,1,12
GeneralDiscussion,1,,ID_ID7O3P,ID_PP9U8J83,08:52:37.771693,1,2,28
GeneralDiscussion,1,,ID_3JVWE6,ID_PP9U8J83,08:56:39.234178,1,2,28
GeneralDiscussion,1,,ID_UDPH8M,ID_PP9U8J83,09:02:07.939621,1,2,28
GeneralDiscussion,1,,ID_9AVLR1,ID_EUY30B6E,21:16:22.376043,1,12,12
GeneralDiscussion,1,,ID_4F7WP3,ID_W6M55D1H,15:36:47.142141,1,12,30
ID_20XL,0,3.0,ID_P7ARN2,ID_YWWREGGZ,09:58:14.961117,1,1,10
ID_JRC2,0,,ID_7PY0DB,ID_JFGIVDCZ,09:53:50.588368,1,2,12
GeneralDiscussion,1,,ID_C3OFMD,ID_UICYNIYR,01:27:17.366511,1,12,26
GeneralDiscussion,1,,ID_98TJLQ,ID_XVDCDH50,01:30:15.724242,1,1,15
GeneralDiscussion,0,,ID_QI4PK0,ID_WMUKEQ64,06:31:39.038867,1,3,3
GeneralDiscussion,1,,ID_D86LPB,ID_WMUKEQ64,06:34:08.031349,1,3,3
ID_8B8I,0,,ID_UUIKIT,ID_QT1PD3GA,11:15:38.603052,1,2,12
GeneralDiscussion,1,,ID_IMY0WN,ID_7SFUSKYN,17:17:34.425742,1,12,30
GeneralDiscussion,1,,ID_5BM2LU,ID_RPGHKEPG,11:32:17.143929,1,1,3
ID_1261,0,,ID_PQ430O,ID_V9KCDAMP,04:17:35.944566,1,4,9
GeneralDiscussion,1,,ID_A2DLG6,ID_V9KCDAMP,07:10:50.022518,1,4,9
GeneralDiscussion,0,,ID_FBLHCV,ID_PYL21OXO,21:59:07.401258,1,2,31
ID_61E9,0,,ID_4UTX5H,ID_L7IR9AKT,10:34:43.614455,1,3,19
GeneralDiscussion,1,,ID_9LUZAN,ID_RTEYTAE6,09:51:12.289691,1,2,7
GeneralDiscussion,1,,ID_O4LQBF,ID_JIQSW7NL,03:48:54.030145,1,1,29
GeneralDiscussion,1,,ID_OGOLH1,ID_JIQSW7NL,03:50:22.449897,1,1,29
GeneralDiscussion,1,,ID_PC8BDD,ID_XH4PIFYL,10:57:18.055412,1,12,27
GeneralDiscussion,0,5.0,ID_VU85LR,ID_XH4PIFYL,11:00:28.941488,1,12,27
GeneralDiscussion,1,,ID_XERVDQ,ID_5NV3P634,01:34:35.167554,1,1,7
GeneralDiscussion,1,,ID_STX3WL,ID_V82IG4IB,06:11:27.337162,1,2,30
GeneralDiscussion,1,,ID_BC44BO,ID_CGNUWDXA,15:53:35.067742,1,1,1
GeneralDiscussion,1,,ID_8P37CR,ID_TBQYNFS9,13:05:17.172591,1,1,3
GeneralDiscussion,1,,ID_XAGRVC,ID_QSW2RRM0,11:38:47.497754,1,12,27
GeneralDiscussion,1,,ID_8KOY2R,ID_VJ49T0UI,11:49:15.053194,1,12,27
GeneralDiscussion,1,,ID_8LUV9R,ID_S2A19CQO,11:55:20.517115,1,12,27
ID_IMTG,1,,ID_C8AGE5,ID_5Y3IWORD,05:58:25.214050,1,5,15
GeneralDiscussion,1,,ID_FO2QHC,ID_C6JG6G5X,20:17:19.413594,1,5,15
ID_8DGC,1,,ID_UYGCM8,ID_C6JG6G5X,06:28:05.852058,1,5,15
ID_528W,0,,ID_TE4IK6,ID_9GWEFV7K,15:10:16.280286,1,1,1
GeneralDiscussion,1,,ID_YGLONZ,ID_9GWEFV7K,09:05:48.661864,1,1,6
GeneralDiscussion,1,,ID_HOVTT9,ID_CIAL3ZUN,13:18:51.840878,1,12,21
GeneralDiscussion,1,,ID_UITP4D,ID_7WZ9IW17,09:45:08.201042,1,3,26
GeneralDiscussion,1,,ID_ZO9MKF,ID_2A9440T3,13:01:26.817125,1,12,27
GeneralDiscussion,1,,ID_VSB6TC,ID_CQAS26PI,12:47:11.848313,1,12,27
ID_XZ71,0,3.0,ID_VA7LC5,ID_6LUXD0K2,09:14:19.856576,1,5,3
GeneralDiscussion,1,,ID_RFH8G4,ID_T7BX9JXG,07:35:39.022007,1,3,3
GeneralDiscussion,1,,ID_MOAUN6,ID_ZIOQ53TD,07:42:00.612980,1,3,3
ID_GAV9,1,,ID_N7R101,ID_C7HK7TNS,07:42:35.575190,1,3,3
GeneralDiscussion,1,,ID_6WXSSV,ID_P021KVS7,15:49:25.940500,1,12,15
GeneralDiscussion,1,,ID_W5FX62,ID_BANW8DIX,06:20:28.122922,1,1,5
ID_528W,0,,ID_31LJM2,ID_4Q46E9FH,20:20:49.390292,1,1,30
GeneralDiscussion,1,,ID_HWR039,ID_K5CNBB1X,12:04:04.975127,1,1,8
GeneralDiscussion,1,,ID_K9B24M,ID_K5CNBB1X,12:04:34.154606,1,1,8
GeneralDiscussion,1,,ID_HSHD57,ID_OL2VKQD1,07:56:08.350969,1,5,16
ID_IMTG,1,,ID_GHF5WO,ID_OL2VKQD1,08:01:13.064090,1,5,16
GeneralDiscussion,1,,ID_TVDWQ4,ID_OL2VKQD1,10:30:17.471504,1,5,16
GeneralDiscussion,1,,ID_KGG4YX,ID_238QP3ZV,05:57:02.628691,1,5,26
GeneralDiscussion,1,,ID_0250LI,ID_238QP3ZV,02:24:26.130771,1,5,23
GeneralDiscussion,1,,ID_AGL815,ID_53F7JQTS,13:39:15.301721,1,12,27
GeneralDiscussion,1,,ID_N0OWFV,ID_ZH2JCN29,14:00:26.247966,1,12,27
GeneralDiscussion,1,,ID_ZM9LF6,ID_IHV6478U,14:13:55.431930,1,12,27
GeneralDiscussion,1,,ID_LYFH2J,ID_B1T2D36A,08:58:37.580750,1,3,16
GeneralDiscussion,1,,ID_ZH25BA,ID_3O2WJBO1,17:03:45.405015,1,4,23
GeneralDiscussion,1,,ID_3RPFOX,ID_YSF8QETW,10:20:14.733815,1,2,26
GeneralDiscussion,1,,ID_HS49LH,ID_17XQLINZ,08:02:25.081543,1,1,29
GeneralDiscussion,1,,ID_CBQF3O,ID_RASS1U68,10:43:54.361437,1,1,21
GeneralDiscussion,1,,ID_78CUU3,ID_TI67GFQG,18:01:23.347866,1,4,23
GeneralDiscussion,1,,ID_C95A3T,ID_FM7GDYTE,13:14:28.473684,1,2,12
GeneralDiscussion,1,,ID_HUV1LV,ID_FM7GDYTE,13:00:57.824873,1,2,12
GeneralDiscussion,1,,ID_KHC668,ID_QFMGQQHD,08:52:05.242582,1,1,5
GeneralDiscussion,1,,ID_CVBH60,ID_RP3JW08T,15:46:46.542784,1,12,27
ID_WZ0H,1,,ID_P4EKGK,ID_R86E5NBS,18:17:35.416259,1,5,23
ID_IMTG,1,,ID_93LEXV,ID_R86E5NBS,09:50:12.264445,1,5,17
GeneralDiscussion,1,,ID_US22EV,ID_TKS7NQ48,09:12:04.160568,1,1,5
ID_528W,0,1.0,ID_WXIWC8,ID_TKS7NQ48,14:42:16.711686,1,1,21
ID_IMTG,1,,ID_QAIL8Z,ID_2ETD3PQG,06:18:41.534377,1,5,15
ID_IMTG,0,3.0,ID_LIANNE,ID_2ETD3PQG,06:21:33.379014,1,5,15
GeneralDiscussion,1,,ID_5SPZ9J,ID_EC2CGL7K,11:03:21.444686,1,4,6
GeneralDiscussion,1,,ID_CSRPSR,ID_EC2CGL7K,11:04:36.831310,1,4,6
GeneralDiscussion,1,,ID_8V6729,ID_YOYAWD3J,19:41:48.952796,1,2,18
GeneralDiscussion,1,,ID_INZMNZ,ID_LNXTXN3P,15:06:01.161791,1,12,21
GeneralDiscussion,1,,ID_ZGEWPJ,ID_LNXTXN3P,15:08:16.503985,1,12,21
GeneralDiscussion,1,,ID_ON12Z9,ID_LNXTXN3P,22:32:55.431916,1,1,5
GeneralDiscussion,1,,ID_Z8AIT7,ID_TQM9E72F,17:20:14.269599,1,1,1
ID_20XL,0,,ID_68KN1G,ID_TQM9E72F,12:39:49.810542,1,1,17
GeneralDiscussion,1,,ID_C0SYXY,ID_1IZ0GTAH,10:10:11.871648,1,12,31
GeneralDiscussion,1,,ID_ZIP7UL,ID_TGHNIZBN,00:11:42.557893,1,3,5
GeneralDiscussion,1,,ID_JY1HD1,ID_TGHNIZBN,00:07:29.261128,1,3,5
GeneralDiscussion,1,,ID_XMGJG1,ID_8VGC1FK8,07:10:54.364621,1,3,7
GeneralDiscussion,1,,ID_3445EK,ID_7AU6PE15,23:46:33.696475,1,3,5
GeneralDiscussion,1,,ID_FHSD5A,ID_3SHWEW93,15:51:19.363860,1,4,7
GeneralDiscussion,1,,ID_A6N7HY,ID_FWOB9BIJ,10:22:45.416940,1,2,26
ID_GR92,0,,ID_R3DZX0,ID_C2MNPO7W,16:00:48.067498,1,12,27
GeneralDiscussion,1,,ID_XBBKP6,ID_C2MNPO7W,15:52:42.853764,1,12,27
GeneralDiscussion,1,,ID_OGR1M0,ID_KRPZMLA1,08:40:57.939405,1,5,16
ID_PDKH,0,,ID_38BPZR,ID_NOY58Z0R,13:11:09.622032,1,1,8
ID_WZ0H,1,,ID_IYJ4HK,ID_NOY58Z0R,03:11:58.262527,1,5,21
GeneralDiscussion,1,,ID_14FUD5,ID_625MIF22,14:28:58.726550,1,5,2
GeneralDiscussion,1,,ID_KZSU6P,ID_DOFHSRRN,23:02:48.626820,1,11,10
ID_IQLI,0,,ID_AH1JU6,ID_A82BWVMS,08:30:51.199035,1,12,13
GeneralDiscussion,1,,ID_NJ2YKL,ID_2D87FL7J,08:53:33.866522,1,12,13
ID_BXIL,1,,ID_JCMU70,ID_L6WYWZ4Y,21:15:12.097042,1,4,18
GeneralDiscussion,1,,ID_DO50XR,ID_L6WYWZ4Y,21:30:45.525259,1,4,19
GeneralDiscussion,1,,ID_0AR4R8,ID_ABGPWHZ9,13:27:42.862874,1,1,8
ID_IMTG,1,,ID_9WK2II,ID_PXAFF797,09:03:03.235457,1,5,16
ID_7YDI,1,,ID_363725,ID_VFFRN6BY,12:44:35.797323,1,2,15
GeneralDiscussion,1,,ID_6KNO4G,ID_119BXRI6,16:56:07.813623,1,12,15
GeneralDiscussion,1,,ID_REU8DF,ID_B7PEARDB,16:23:20.973888,1,12,27
GeneralDiscussion,1,,ID_0MDB4L,ID_FMFOQFCQ,04:20:32.486170,1,1,7
GeneralDiscussion,0,5.0,ID_45P849,ID_WGBBXMWW,06:21:11.137077,1,12,21
ID_GAV9,0,,ID_4H6XGL,ID_YXTPL8JI,21:21:11.063768,1,2,24
GeneralDiscussion,1,,ID_XA9MOT,ID_23VCU2LN,14:09:10.620714,1,3,30
ID_I9BN,1,,ID_8OGEVB,ID_HQQDB155,13:14:19.657004,1,12,15
GeneralDiscussion,1,,ID_8VZQC2,ID_LVOVODTZ,06:08:24.222567,1,2,22
GeneralDiscussion,1,,ID_VW78DD,ID_X4BO0YND,16:42:39.919359,1,12,27
ID_20XL,1,,ID_AOPMVS,ID_J04SHQEY,12:00:38.351548,1,3,19
GeneralDiscussion,1,,ID_TYIHMH,ID_INFJLP4D,10:37:25.988644,1,5,3
ID_7YDI,1,,ID_8ZUO9H,ID_537IXI0C,13:00:54.204480,1,2,15
GeneralDiscussion,1,,ID_FCU3RD,ID_D20917P3,10:20:30.040895,1,12,6
ID_F7QD,0,5.0,ID_RJU1E2,ID_XTEGR72A,19:45:44.917901,1,4,23
GeneralDiscussion,1,,ID_MEZMKJ,ID_M28BVICX,21:32:05.855102,1,2,18
ID_PDKH,0,3.0,ID_IPHBND,ID_M28BVICX,14:30:46.402582,1,2,18
GeneralDiscussion,1,,ID_Q45AVX,ID_DPKPRWMT,06:55:06.895034,1,2,16
ID_20XL,1,,ID_RO95CG,ID_D3II3YCV,04:52:08.761945,1,3,22
GeneralDiscussion,1,,ID_97T4NW,ID_YBKATRP2,10:50:28.516584,1,12,13
GeneralDiscussion,1,,ID_CJB8Y6,ID_XZXW2G0P,13:01:09.236288,1,2,15
GeneralDiscussion,1,,ID_JYOKAW,ID_K540YK38,17:22:41.825084,1,12,27
ID_61E9,0,,ID_IXLJ8M,ID_KGG5869W,13:37:21.942292,1,3,19
ID_GAV9,1,,ID_DDPFGW,ID_X4BPCH1N,10:57:38.926924,1,2,27
GeneralDiscussion,1,,ID_PN7JH0,ID_137U29HW,21:25:01.400081,1,1,1
GeneralDiscussion,1,,ID_36H9BP,ID_KF4PI76O,23:00:57.265017,1,1,24
GeneralDiscussion,1,,ID_70BM63,ID_KF4PI76O,22:59:04.146020,1,1,24
GeneralDiscussion,1,,ID_VKQCEJ,ID_KF4PI76O,23:32:42.300576,1,1,7
GeneralDiscussion,1,,ID_RB6G64,ID_KF4PI76O,23:29:30.882897,1,1,7
GeneralDiscussion,1,,ID_NSD7NV,ID_MKS48U4O,19:07:48.329198,1,1,22
GeneralDiscussion,1,,ID_K6IN7L,ID_2OSTP3LG,11:14:23.577999,1,3,27
GeneralDiscussion,1,,ID_P9V31D,ID_SGWSRWBB,08:38:16.829596,1,3,3
ID_7YDI,1,,ID_J2C3JR,ID_594PWHSD,13:22:23.288644,1,2,15
GeneralDiscussion,1,,ID_2KX87O,ID_3O1OE4QJ,10:44:32.460089,1,3,29
GeneralDiscussion,1,,ID_LA0P41,ID_M1YU7BNS,13:23:52.904371,1,2,15
GeneralDiscussion,1,,ID_95C4YT,ID_9TBURXPF,11:04:31.026068,1,2,26
GeneralDiscussion,1,,ID_FZT8D0,ID_N19HAVAK,11:05:31.515936,1,2,26
GeneralDiscussion,1,,ID_TJ26QS,ID_LFO60KNB,16:48:07.803312,1,1,5
GeneralDiscussion,0,4.0,ID_9F1APQ,ID_LFO60KNB,16:40:52.216632,1,1,5
GeneralDiscussion,1,,ID_SRUJ80,ID_IB6MO97R,17:57:26.194105,1,5,9
GeneralDiscussion,1,,ID_8P36CZ,ID_6LC7MRM9,10:53:43.643242,1,1,21
ID_7YDI,1,,ID_NCIS94,ID_3B1BQ3IS,13:24:20.685279,1,2,15
ID_7YDI,1,,ID_9UURZP,ID_SC3QR3R2,13:29:20.281286,1,2,15
GeneralDiscussion,1,,ID_XCTC6O,ID_S7R59PDM,08:18:11.089759,1,5,11
GeneralDiscussion,1,,ID_TUMBO8,ID_UB6UDOA9,13:53:11.140408,1,11,11
GeneralDiscussion,1,,ID_VDOE81,ID_D27TG87K,16:06:07.703980,1,5,20
ID_7YDI,1,,ID_K0255U,ID_R3JR6F71,13:38:48.120355,1,2,15
ID_FN7K,0,,ID_WTOYVD,ID_2AWSAZ21,06:06:21.881766,1,2,9
ID_FN7K,1,,ID_XMGJFW,ID_2AWSAZ21,07:34:44.860559,1,2,9
GeneralDiscussion,1,,ID_7DTOOC,ID_NQTO2NA7,06:33:42.202569,1,2,9
ID_7YDI,1,,ID_FN6GF2,ID_INH8K2OO,08:01:47.126284,1,2,15
GeneralDiscussion,1,,ID_2YW06C,ID_J4UEY09Y,20:49:57.864185,1,3,28
ID_KU2G,1,,ID_VU3LGR,ID_KDLD3RT6,18:47:43.767763,1,4,10
GeneralDiscussion,0,4.0,ID_F7DPB0,ID_SRY5TXDV,14:15:50.938239,1,3,24
ID_F7QD,0,4.0,ID_8TO3O0,ID_SRY5TXDV,14:09:06.989473,1,3,24
GeneralDiscussion,1,,ID_GJFSUK,ID_TF52CNXH,04:28:30.570987,1,3,5
GeneralDiscussion,1,,ID_DG0ZDI,ID_1Y98GPVQ,09:55:54.740297,1,3,3
ID_WZ0H,0,2.0,ID_X1H9RO,ID_FQKN4YDQ,09:14:04.085160,1,4,26
ID_7YDI,1,,ID_0JVOHE,ID_8FUC54SS,13:35:39.436231,1,2,15
GeneralDiscussion,1,,ID_UC84K4,ID_H318TSAN,05:15:09.286577,1,5,15
GeneralDiscussion,0,1.0,ID_JNB0EQ,ID_59S83OBM,10:55:38.938875,1,11,18
GeneralDiscussion,1,,ID_XYDLGU,ID_MVWRQYKA,07:37:08.570094,1,2,1
GeneralDiscussion,1,,ID_55XXVI,ID_MLCM1LT1,07:38:49.474648,1,2,1
GeneralDiscussion,1,,ID_ISUF69,ID_FDVUE2OM,13:13:17.513672,1,1,12
GeneralDiscussion,1,,ID_1DNYT7,ID_SIOL2NDE,00:24:45.538508,1,3,13
ID_FN7K,1,,ID_802M5J,ID_EWXTB4TQ,06:53:49.590009,1,2,9
GeneralDiscussion,1,,ID_D2K2QB,ID_UHSFDFQW,20:46:02.614977,1,12,15
GeneralDiscussion,1,,ID_YEIRA4,ID_G23GVFJH,17:57:37.260438,1,4,21
GeneralDiscussion,1,,ID_MUBD91,ID_PM0BNJ82,19:39:39.425041,1,1,5
ID_GR92,0,,ID_3B3716,ID_2PM1IV9P,19:48:34.797190,1,1,5
GeneralDiscussion,1,,ID_EWSHN6,ID_1PSAAITO,05:40:48.066669,1,4,22
ID_WZ0H,0,1.0,ID_GIMWHB,ID_1PSAAITO,05:54:03.002481,1,4,22
GeneralDiscussion,1,,ID_4ZP0EN,ID_OK7SI059,08:24:22.172852,1,3,4
GeneralDiscussion,1,,ID_F62UXI,ID_MDXV1YXG,10:21:09.988495,1,3,3
ID_FN7K,1,,ID_EGSMJE,ID_KXLRF0PR,07:01:58.815823,1,2,9
GeneralDiscussion,1,,ID_RXMMTZ,ID_8HMEN99F,13:01:04.803272,1,5,6
ID_I9BN,1,,ID_ARSF1B,ID_7UDWMVDV,13:31:25.013608,1,2,27
GeneralDiscussion,1,,ID_QLFSF8,ID_ZK2AVROW,13:51:32.183222,1,11,4
GeneralDiscussion,1,,ID_32PECZ,ID_VYAX7HIE,14:11:24.359620,1,5,24
ID_CMWO,1,,ID_1ZGYUL,ID_VYAX7HIE,14:53:14.031164,1,5,24
GeneralDiscussion,1,,ID_8TDKLJ,ID_8K9SPQFI,16:05:08.174747,1,11,26
GeneralDiscussion,0,,ID_69VL3M,ID_BCI1855Z,01:58:57.316301,1,1,2
GeneralDiscussion,1,,ID_HL5MU9,ID_5V8MKZIX,07:16:24.015741,1,11,2
ID_GAV9,1,,ID_VELOOW,ID_TTFQ4BCS,10:29:36.562592,1,3,3
ID_KU2G,1,,ID_CXZVSZ,ID_01BEG5HQ,09:38:43.114083,1,3,22
GeneralDiscussion,1,,ID_6EKAS4,ID_M35VP2XC,08:16:37.722845,1,2,30
GeneralDiscussion,1,,ID_2757BF,ID_XIJB674H,14:23:13.338244,1,3,19
GeneralDiscussion,1,,ID_820JAZ,ID_4GSCTR62,21:42:35.563347,1,3,28
GeneralDiscussion,1,,ID_3846J0,ID_VYNC1S1L,16:20:07.425978,1,1,29
GeneralDiscussion,1,,ID_51KU47,ID_VYNC1S1L,19:34:14.918702,1,1,29
GeneralDiscussion,1,,ID_X0UIZY,ID_VYNC1S1L,16:22:52.029353,1,1,29
GeneralDiscussion,1,,ID_77XKZN,ID_7Q8ED57K,21:56:17.898638,1,12,15
ID_F7QD,1,,ID_E46V0Z,ID_IKVGACV0,17:11:02.061656,1,1,10
ID_I9BN,1,,ID_2MWZ3E,ID_JLAA97OM,17:28:41.744048,1,2,12
GeneralDiscussion,1,,ID_4TC68J,ID_5Z4WSX1R,05:14:40.174351,1,3,5
GeneralDiscussion,1,,ID_M5Y3W7,ID_5Z4WSX1R,05:15:43.545176,1,3,5
GeneralDiscussion,1,,ID_JRZ372,ID_BRBEX11J,07:30:01.224902,1,2,9
ID_OXOJ,1,,ID_RMQMJA,ID_M3TDKR7E,14:05:27.146267,1,1,23
ID_IMTG,0,,ID_Q1K8TT,ID_Q7NVMROM,11:17:24.091145,1,5,16
ID_FN7K,1,,ID_V9F09A,ID_UBE16QBZ,07:32:10.493731,1,2,9
GeneralDiscussion,1,,ID_25RZUN,ID_L0X1Z9JL,17:39:09.450493,1,12,13
GeneralDiscussion,1,,ID_N83T45,ID_503OEVRE,09:05:10.551764,1,1,25
ID_OXOJ,0,,ID_8KT8ED,ID_NU8IECF7,14:13:53.544520,1,1,23
GeneralDiscussion,1,,ID_C5RCYI,ID_QXX2M5VT,06:15:55.719588,1,1,2
ID_WZ0H,1,,ID_XKJ2GW,ID_TX23VD0S,08:17:44.698640,1,4,29
GeneralDiscussion,1,,ID_QJDZI8,ID_Y2FFNYBN,06:59:12.958927,1,1,2
GeneralDiscussion,1,,ID_M3TTD1,ID_B8ZEW07X,08:27:57.701518,1,2,19
ID_I9BN,0,,ID_5PWG0O,ID_B8ZEW07X,11:08:44.368576,1,2,29
ID_J883,0,1.0,ID_AEN1Q5,ID_XC73E0WV,08:51:30.579967,1,3,9
GeneralDiscussion,1,,ID_8C10LO,ID_XT3197H1,05:25:56.795922,1,5,15
GeneralDiscussion,1,,ID_Y80INQ,ID_VQMBZ2VH,23:00:22.634670,1,1,13
ID_FN7K,1,,ID_P4YYJ5,ID_4YNXBO0I,07:40:15.281417,1,2,9
ID_GR92,1,,ID_P94PHO,ID_YNITF2TQ,09:23:40.368649,1,1,25
ID_7YDI,1,,ID_5ZBU1Q,ID_SG7DS4XS,08:35:22.195738,1,2,15
GeneralDiscussion,1,,ID_DDK5VM,ID_TIENI5F7,10:59:09.295241,1,3,3
GeneralDiscussion,1,,ID_362X33,ID_DGGUPI36,13:41:23.603127,1,11,2
ID_I9BN,1,,ID_NBCL9Y,ID_SU5FDW2Z,11:01:28.469072,1,3,3
ID_I9BN,0,3.0,ID_NTT1CJ,ID_SU5FDW2Z,01:10:09.429361,1,2,31
ID_I9BN,0,1.0,ID_KWJRBL,ID_SU5FDW2Z,06:29:40.778494,1,2,24
ID_IMTG,1,,ID_Y9W63Y,ID_IXVBPGKT,05:27:07.546176,1,5,15
GeneralDiscussion,1,,ID_V6XKKB,ID_48UIIPDN,12:30:06.737517,1,2,27
ID_FN7K,1,,ID_SBGP0V,ID_499X0LAY,07:47:30.438637,1,2,9
GeneralDiscussion,1,,ID_Z975PD,ID_G1W054TV,07:47:53.410963,1,2,9
ID_IMTG,0,,ID_IUNRY3,ID_ZWYAW0EY,05:54:08.870544,1,5,15
GeneralDiscussion,1,,ID_5LFZQ1,ID_ZWYAW0EY,05:58:38.573946,1,5,15
ID_FN7K,1,,ID_BLU9C4,ID_VTFM2J4U,07:54:44.597026,1,2,9
GeneralDiscussion,1,,ID_DYFYKF,ID_R7NCZL1L,07:06:12.607382,1,2,19
GeneralDiscussion,0,,ID_N1M40F,ID_BVX8WLGR,11:22:47.620665,1,1,13
ID_GAV9,1,,ID_MPGJQU,ID_5JGKISV8,06:05:20.135541,1,3,5
GeneralDiscussion,0,5.0,ID_QPL7WD,ID_1U0KETMR,11:04:43.485040,1,11,12
ID_CMWO,1,,ID_KH1HGI,ID_59ZD45EC,09:33:25.864147,1,5,5
GeneralDiscussion,1,,ID_TOEO2N,ID_NBR11LG9,12:47:55.367341,1,5,13
ID_1CTF,1,,ID_3AF4IU,ID_NBR11LG9,12:46:09.750163,1,5,13
ID_8DGC,1,,ID_XR8YEU,ID_NBR11LG9,14:57:51.670698,1,5,13
ID_IV5D,1,,ID_CJTQE6,ID_VZ3QN8M6,20:27:14.071130,1,11,22
GeneralDiscussion,0,,ID_OL4IED,ID_MQ3YJASH,20:40:00.898579,1,11,22
GeneralDiscussion,1,,ID_PANPQG,ID_IFHP4XCB,14:31:23.581666,1,4,4
GeneralDiscussion,1,,ID_MZLT9N,ID_H1CTSY8S,13:02:29.341233,1,2,26
GeneralDiscussion,1,,ID_V9L9FW,ID_ZHZUARMZ,08:01:55.896727,1,1,2
GeneralDiscussion,1,,ID_Z6LW85,ID_ZHZUARMZ,07:58:34.904803,1,1,2
GeneralDiscussion,1,,ID_D7S1M2,ID_P4SR71JD,15:35:52.332891,1,1,12
ID_528W,0,,ID_NB4S36,ID_P4SR71JD,16:03:21.138410,1,1,12
GeneralDiscussion,1,,ID_08MYGW,ID_5SFLTR6U,20:30:36.479358,1,11,22
GeneralDiscussion,1,,ID_AFBZ8B,ID_BM3U9F8P,17:24:19.001233,1,12,10
GeneralDiscussion,1,,ID_035L08,ID_0MXRZPKD,12:58:47.596547,1,5,13
ID_FN7K,1,,ID_98SUC6,ID_WUZHLY9O,08:01:21.602216,1,2,9
GeneralDiscussion,1,,ID_J7MSIF,ID_E5XHY958,20:37:14.397704,1,5,4
GeneralDiscussion,1,,ID_CV7NNG,ID_AJPFI18F,12:57:57.549254,1,5,13
ID_IMTG,1,,ID_G0PAE6,ID_AG1H5KC6,05:51:21.005427,1,5,15
GeneralDiscussion,1,,ID_YPNFV6,ID_GSRQPWQC,11:30:42.491449,1,12,23
ID_CMWO,1,,ID_E0M7V0,ID_14ZELUK1,12:54:51.138178,1,5,13
GeneralDiscussion,1,,ID_QLCYH3,ID_14ZELUK1,04:11:34.846466,1,5,12
ID_IV5D,1,,ID_K7A2K9,ID_5UE32EON,20:31:19.455668,1,11,22
GeneralDiscussion,1,,ID_P0NIEN,ID_HMTALY2P,20:35:31.830143,1,11,22
GeneralDiscussion,1,,ID_OCHC9N,ID_SAOPQ1HX,20:29:05.524140,1,2,1
GeneralDiscussion,1,,ID_06YPD9,ID_9A1ZQJIG,08:06:50.081272,1,2,19
ID_IMTG,1,,ID_HIXZIT,ID_VCMUDXJ5,05:54:29.909269,1,5,15
GeneralDiscussion,1,,ID_WPDHJH,ID_655QXHXX,20:46:25.141263,1,11,22
GeneralDiscussion,0,,ID_8AEZJA,ID_655QXHXX,20:47:36.346273,1,11,22
GeneralDiscussion,1,,ID_VX9JZ0,ID_WLFH3INW,23:01:48.025139,1,1,30
GeneralDiscussion,1,,ID_5Q70FJ,ID_D9L2RWU7,07:52:46.482228,1,11,19
GeneralDiscussion,1,,ID_XBXW0F,ID_8155SBND,07:14:25.954984,1,3,5
ID_IV5D,1,,ID_59487K,ID_WET955CM,21:34:07.724648,1,11,22
ID_FN7K,1,,ID_71NVR5,ID_8Z2L91OG,08:33:03.120945,1,2,9
ID_UB7R,0,1.0,ID_HCRCK4,ID_4NFD9IXG,21:14:05.534972,1,2,22
GeneralDiscussion,1,,ID_TR6WNV,ID_4NFD9IXG,23:54:38.925772,1,2,22
GeneralDiscussion,1,,ID_RGS6XS,ID_DNVP8XDA,09:26:24.378260,1,1,7
GeneralDiscussion,1,,ID_3SKDDY,ID_W2DH3TST,00:33:41.445487,1,1,23
ID_F7QD,0,,ID_AKFY1O,ID_0WLWOMU2,09:18:13.147883,1,1,2
GeneralDiscussion,1,,ID_TLQJE0,ID_BB25XD9Y,09:44:59.646759,1,2,17
ID_JX23,1,,ID_H5NORT,ID_AS86YZ4O,17:30:40.094039,1,4,12
ID_IV5D,1,,ID_FLCL40,ID_CBANLA4O,22:06:42.517485,1,11,22
GeneralDiscussion,1,,ID_ZARWAB,ID_1IK4O0Q7,09:58:56.623384,1,5,1
ID_BXIL,1,,ID_DDQBET,ID_BJE0MYLV,09:12:20.531781,1,4,19
GeneralDiscussion,1,,ID_3IN2TU,ID_OYH1KD85,22:19:01.666520,1,11,22
ID_IMTG,1,,ID_72RVSF,ID_26DPEXQO,05:46:06.795416,1,5,15
ID_IMTG,0,,ID_3EY3CJ,ID_26DPEXQO,15:19:54.406723,1,5,16
GeneralDiscussion,0,1.0,ID_E4E0KC,ID_26DPEXQO,15:18:43.937301,1,5,16
ID_GAV9,1,,ID_0PN49N,ID_0PB7DBGR,07:30:53.647391,1,3,5
GeneralDiscussion,1,,ID_H1KGYM,ID_RT43AK77,22:38:41.462761,1,11,22
GeneralDiscussion,1,,ID_W8XH93,ID_3MX565D3,11:07:40.193847,1,4,29
ID_GAV9,1,,ID_3B55VQ,ID_B0Q9ODWZ,11:34:42.562336,1,3,3
GeneralDiscussion,1,,ID_5ZF2PE,ID_PPVLFDL9,09:46:40.228962,1,1,2
ID_7YDI,1,,ID_ZVAXXI,ID_AH0YMJ2K,13:20:45.266944,1,2,15
GeneralDiscussion,1,,ID_P7MCWW,ID_ZZ852GLE,19:27:44.731040,1,12,6
GeneralDiscussion,1,,ID_YQC34M,ID_HHQQKC12,18:23:44.112135,1,2,3
ID_VGMZ,1,,ID_NZ4QVB,ID_3OFNEWO6,15:56:54.407924,1,5,24
GeneralDiscussion,1,,ID_E1OY0G,ID_KWQO5UWI,17:12:11.886094,1,12,8
GeneralDiscussion,0,,ID_8H5NNJ,ID_Y3AMCXRC,00:24:37.300864,1,11,23
ID_KU2G,0,,ID_L1JRNB,ID_L5SBIK3X,18:39:53.299141,1,3,30
ID_IV5D,1,,ID_NR7DTG,ID_LHPJJSOK,00:28:44.841271,1,11,23
GeneralDiscussion,1,,ID_NLDD0R,ID_EYY9CUXS,10:55:47.841717,1,2,17
ID_IV5D,1,,ID_BN0X1T,ID_13J70IFY,22:41:00.407870,1,11,22
ID_8B8I,1,,ID_UCTQ97,ID_0XFEWTNR,21:59:03.682631,1,2,4
GeneralDiscussion,1,,ID_GIKYU3,ID_0B4QM3RG,02:26:23.467395,1,4,2
GeneralDiscussion,1,,ID_YGWXUW,ID_SMAN9LGF,12:34:47.273780,1,1,28
GeneralDiscussion,1,,ID_5OM6OE,ID_BXCL59IN,19:15:18.964669,1,2,31
GeneralDiscussion,1,,ID_CFHMW3,ID_71J2E9D0,19:04:39.823355,1,12,1
GeneralDiscussion,1,,ID_TVEC6F,ID_OW8STYKT,06:43:58.605129,1,5,15
GeneralDiscussion,1,,ID_9827TA,ID_S7NOFRKZ,23:38:08.616595,1,12,13
GeneralDiscussion,1,,ID_SLYA0P,ID_1MJE11CY,15:39:43.443633,1,1,29
ID_OXOJ,1,,ID_4R4V7V,ID_HU9U2Q36,17:50:38.464941,1,1,23
GeneralDiscussion,1,,ID_7MXLKW,ID_2NYZJX0U,23:34:14.315235,1,3,28
GeneralDiscussion,1,,ID_SCAMAY,ID_R00AHTOY,04:22:53.221517,1,1,23
ID_GAV9,1,,ID_RMCWW1,ID_E9A1K43Y,20:37:29.609319,1,2,24
ID_IV5D,1,,ID_1C6VOE,ID_1FR8CJ8B,03:45:53.148755,1,11,23
GeneralDiscussion,1,,ID_3O6J83,ID_SEV7OJW9,11:58:33.239239,1,1,14
GeneralDiscussion,1,,ID_PBXT5H,ID_5MOE6KE5,06:42:11.681989,1,4,5
ID_BXIL,1,,ID_QTSGAF,ID_5MOE6KE5,06:37:17.339243,1,4,5
GeneralDiscussion,1,,ID_LGP8AA,ID_UE0E4Z5B,22:38:17.403987,1,12,6
GeneralDiscussion,1,,ID_HN2LNH,ID_0DB41K6U,10:43:47.291911,1,1,2
ID_IV5D,1,,ID_MLW8N4,ID_LLXS99UN,20:25:55.589357,1,11,22
GeneralDiscussion,1,,ID_1L6Q0P,ID_H8OOC4AO,12:52:45.556583,1,5,16
GeneralDiscussion,1,,ID_MFX0PU,ID_U1UBDSU9,11:02:44.187750,1,3,27
GeneralDiscussion,1,,ID_J9QA18,ID_ED03DUP1,09:20:44.911387,1,5,19
GeneralDiscussion,1,,ID_IKT1E1,ID_PUPTZOTA,11:42:13.296252,1,1,2
GeneralDiscussion,1,,ID_BESW09,ID_ZLK4SRPS,06:13:04.382395,1,1,9
GeneralDiscussion,1,,ID_EGM4K9,ID_M2BHFS98,12:40:26.748475,1,1,2
ID_GAV9,1,,ID_I9D6SD,ID_MHF76U9P,09:13:29.234154,1,3,8
GeneralDiscussion,1,,ID_GRDOTO,ID_VSBYVFYA,09:14:14.751585,1,3,8
GeneralDiscussion,1,,ID_DHAUZB,ID_27W95GIE,12:40:45.352913,1,3,3
ID_8DGC,1,,ID_L3LO7T,ID_GGBOALUF,15:20:25.917646,1,5,13
GeneralDiscussion,1,,ID_3XLDQL,ID_WDLBZJIZ,15:00:52.480041,1,2,29
ID_45W9,1,,ID_1Y5UQM,ID_JS27BIC7,10:02:45.829121,1,2,9
GeneralDiscussion,1,,ID_M3I8CD,ID_QNHVXQ9D,22:35:05.779210,1,2,4
ID_IMTG,1,,ID_KAYUFV,ID_YXZN32BZ,09:58:19.756603,1,5,19
ID_GAV9,1,,ID_L74303,ID_MNU3L8IE,09:21:16.012395,1,2,30
GeneralDiscussion,0,5.0,ID_Y1FKVH,ID_02D2P483,06:37:08.684719,1,11,28
GeneralDiscussion,0,3.0,ID_NIMH2H,ID_RW8VX86B,06:36:53.401459,1,4,27
ID_GR92,0,,ID_BIZU45,ID_69ERQ6DX,14:03:25.153361,1,1,2
GeneralDiscussion,1,,ID_43ZB8N,ID_HB84Y5TJ,13:50:47.654060,1,2,6
GeneralDiscussion,1,,ID_5IPBW8,ID_97SDA0SP,10:03:45.041863,1,5,19
GeneralDiscussion,1,,ID_A0923P,ID_VB6LHFJ0,10:29:32.765932,1,5,4
ID_GAV9,1,,ID_76AIKQ,ID_5GTQTGFT,13:53:03.452766,1,3,3
ID_WZ0H,1,,ID_TWIVHP,ID_0L1VD9QS,19:20:02.453238,1,4,15
GeneralDiscussion,1,,ID_NFSP3G,ID_0L1VD9QS,22:59:21.933579,1,4,15
GeneralDiscussion,1,,ID_D0M4H0,ID_IBOZAB3D,14:04:48.256507,1,3,3
GeneralDiscussion,1,,ID_H7X0LX,ID_E4LZLFAX,14:58:00.815393,1,1,23
GeneralDiscussion,1,,ID_P8CZL8,ID_E4LZLFAX,07:20:21.947255,1,1,22
ID_G5IQ,0,1.0,ID_UQJ7N1,ID_E4LZLFAX,12:27:32.500732,1,1,21
ID_528W,0,,ID_FH3734,ID_5UHEPVJB,15:24:12.202597,1,1,2
ID_IMTG,1,,ID_8LQT0X,ID_WPXWRQWX,12:37:37.060380,1,5,16
ID_6E1C,1,,ID_AJORM6,ID_G0CFJH9Z,00:42:29.054254,1,1,23
ID_GAV9,1,,ID_3K8QM9,ID_BEYC17S9,14:37:02.422621,1,3,3
ID_45W9,1,,ID_AR68MA,ID_GYOJ29PW,10:03:40.318423,1,2,9
GeneralDiscussion,1,,ID_ZZALWW,ID_A8IJ0GHR,23:02:05.782742,1,1,30
GeneralDiscussion,1,,ID_LECJ7C,ID_QDLQ767T,12:11:03.701333,1,2,28
ID_GAV9,1,,ID_BNXBKT,ID_DVNPC7OR,15:30:35.692176,1,3,3
GeneralDiscussion,1,,ID_V12A98,ID_HGPPZJXU,16:17:42.796789,1,5,16
ID_GAV9,1,,ID_5P3GWT,ID_E48AZJ4V,06:03:28.364328,1,2,28
ID_Q2OB,1,,ID_T3QG0K,ID_EQOMWZHC,17:58:53.319352,1,2,16
GeneralDiscussion,1,,ID_SU4LGW,ID_0N67Z8YC,12:16:57.064480,1,4,19
GeneralDiscussion,1,,ID_86GRHU,ID_1QNF6EO0,21:04:32.262515,1,1,21
ID_528W,0,1.0,ID_06XNM5,ID_D3UVPXOX,23:28:55.575923,1,1,1
GeneralDiscussion,1,,ID_RNGQPH,ID_QZ0QFG81,08:47:31.465153,1,1,6
ID_528W,0,1.0,ID_U4HP47,ID_6QUAHNA4,15:23:47.569599,1,1,13
GeneralDiscussion,1,,ID_P0ZSCA,ID_JBRDRGUM,21:03:37.868951,1,12,16
GeneralDiscussion,1,,ID_EVEOTD,ID_GSTZU9J8,09:48:04.683034,1,3,8
GeneralDiscussion,0,4.0,ID_XT8YX8,ID_RN7H51GS,16:05:05.934895,1,1,13
ID_45W9,1,,ID_3Z7IMY,ID_TVGIKWHF,10:46:48.903188,1,2,9
GeneralDiscussion,1,,ID_O4SHIR,ID_7CGDN0KB,12:28:37.115363,1,2,9
ID_GAV9,1,,ID_Q6ZT44,ID_KQTFY49J,16:11:24.361360,1,3,3
GeneralDiscussion,1,,ID_CXT0I1,ID_KQTFY49J,14:52:02.429812,1,3,15
GeneralDiscussion,1,,ID_WEYB2W,ID_KIWA7YTM,16:14:36.836773,1,3,3
GeneralDiscussion,0,,ID_CB7NBA,ID_3C6JI8KX,18:09:59.157735,1,5,16
ID_XZ71,1,,ID_K6YL7D,ID_S449146L,07:27:37.140285,1,5,23
ID_8DGC,0,,ID_J77W53,ID_P6XU30J7,17:17:03.846042,1,5,13
GeneralDiscussion,1,,ID_PXD2VD,ID_P6XU30J7,10:56:05.592605,1,5,14
ID_GAV9,1,,ID_G9P88S,ID_DCJHWFH5,16:14:56.612329,1,3,3
GeneralDiscussion,1,,ID_9DDDOY,ID_FVMM35W5,09:06:14.272654,1,12,20
GeneralDiscussion,1,,ID_WD5TWD,ID_2SCU8A2J,14:27:21.586714,1,2,6
GeneralDiscussion,1,,ID_3YUTES,ID_U6OS1K7Z,09:35:10.848817,1,12,20
GeneralDiscussion,1,,ID_50D6SQ,ID_BZESAP1V,09:35:23.323819,1,12,20
GeneralDiscussion,1,,ID_QPDAT4,ID_R4UULK37,00:23:32.941543,1,4,4
GeneralDiscussion,1,,ID_SY2I5C,ID_R4UULK37,03:57:27.637458,1,4,6
GeneralDiscussion,1,,ID_N6RGUJ,ID_ILCHUOII,05:42:46.363674,1,4,5
ID_OXOJ,1,,ID_1E8IIZ,ID_7WGVCDZH,15:44:26.579589,1,1,23
ID_PH4T,0,,ID_UDJL3S,ID_CDNG5WAA,19:44:35.151266,1,1,2
GeneralDiscussion,1,,ID_8NFRMO,ID_CDNG5WAA,19:45:14.574219,1,1,2
GeneralDiscussion,0,,ID_HW9JRL,ID_CDNG5WAA,19:49:33.911331,1,1,2
GeneralDiscussion,1,,ID_1OZMX6,ID_8C7GXVJH,09:45:36.572439,1,2,19
GeneralDiscussion,1,,ID_NWSNSS,ID_QFOI5L3D,17:23:16.518776,1,5,13
GeneralDiscussion,1,,ID_Y66SV4,ID_T7Y6FDLX,16:58:05.161907,1,1,15
GeneralDiscussion,1,,ID_H3SITM,ID_DWYOUH4E,16:47:27.347362,1,3,3
GeneralDiscussion,0,5.0,ID_1SML2M,ID_7UPM403G,06:42:15.692575,1,2,12
GeneralDiscussion,1,,ID_FYOH8A,ID_89FE9YT4,05:41:55.913997,1,4,22
ID_WZ0H,1,,ID_BEYPH3,ID_89FE9YT4,07:07:51.624449,1,4,22
ID_WZ0H,0,3.0,ID_EI6BUZ,ID_L15XZ21Z,12:27:29.027583,1,4,11
GeneralDiscussion,1,,ID_OICBOK,ID_L15XZ21Z,14:30:01.283246,1,4,22
GeneralDiscussion,1,,ID_TFYH0U,ID_L15XZ21Z,14:37:45.783539,1,4,22
ID_WZ0H,0,3.0,ID_W966ZO,ID_L15XZ21Z,10:29:08.524655,1,4,14
ID_GAV9,1,,ID_GK5F1S,ID_5NH8QRW9,10:21:54.551559,1,3,5
GeneralDiscussion,1,,ID_UCQSUY,ID_CHJYVWIS,10:15:40.643030,1,2,29
GeneralDiscussion,1,,ID_3I8QMT,ID_NHQF5K5Y,18:45:39.016511,1,5,16
GeneralDiscussion,1,,ID_XDAU4Z,ID_771U7OGS,02:13:23.674580,1,1,13
ID_GAV9,1,,ID_EUFBD3,ID_S68XX3KQ,17:46:00.921814,1,2,26
GeneralDiscussion,1,,ID_B25VJK,ID_DQ5LIBK3,07:42:10.200030,1,5,27
GeneralDiscussion,1,,ID_AHPJTY,ID_DQ5LIBK3,07:53:16.376492,1,5,27
GeneralDiscussion,1,,ID_1MTD2T,ID_DQ5LIBK3,07:50:47.792088,1,5,27
GeneralDiscussion,1,,ID_SUISU2,ID_DQ5LIBK3,07:49:15.998190,1,5,27
ID_GAV9,1,,ID_8448P2,ID_ATSJZ3IC,17:57:38.979695,1,3,3
ID_GAV9,0,1.0,ID_929T0T,ID_ATSJZ3IC,04:50:45.925347,1,2,30
GeneralDiscussion,1,,ID_GJNYJM,ID_BGWVDTBN,07:18:46.297654,1,1,16
GeneralDiscussion,1,,ID_5HT4WO,ID_BGWVDTBN,09:34:35.847766,1,1,16
GeneralDiscussion,1,,ID_2UEF7Q,ID_XXQ6F7R1,18:13:57.593598,1,3,3
GeneralDiscussion,1,,ID_ZKOVI8,ID_ZE1B2JEO,11:21:34.977634,1,3,5
GeneralDiscussion,1,,ID_N3OMQN,ID_6E18RN78,13:21:21.910349,1,2,30
ID_F7QD,0,,ID_C92A7T,ID_3NOXMGBU,01:42:44.024936,1,1,26
GeneralDiscussion,1,,ID_2968LL,ID_3NOXMGBU,02:09:13.839372,1,1,26
ID_20XL,1,,ID_IWHUZL,ID_3NOXMGBU,02:14:58.639699,1,1,26
GeneralDiscussion,1,,ID_091X7I,ID_DOZZR65R,14:19:04.910408,1,5,11
GeneralDiscussion,1,,ID_PACONQ,ID_HTM1HWJV,10:52:09.749270,1,1,6
GeneralDiscussion,1,,ID_W78H5S,ID_LU4SPDWX,02:16:06.886822,1,1,26
GeneralDiscussion,1,,ID_7SVH24,ID_9HQGMXAQ,10:59:17.896827,1,12,27
GeneralDiscussion,1,,ID_AH4VQS,ID_P7WH2PKY,11:01:47.944725,1,12,27
GeneralDiscussion,1,,ID_2FJJ2Y,ID_BJZH475Z,11:06:59.470111,1,12,27
GeneralDiscussion,1,,ID_69SAHQ,ID_WOS0DS9R,11:31:30.569663,1,12,27
ID_GAV9,1,,ID_6F6MPI,ID_06EVBQZD,10:14:06.647015,1,2,29
GeneralDiscussion,1,,ID_M6Q2WC,ID_T7ZMJ5MP,18:58:42.184918,1,1,15
GeneralDiscussion,1,,ID_LRZGWW,ID_8K1DIPZF,12:43:04.984257,1,1,6
GeneralDiscussion,1,,ID_8YQBHO,ID_U0AH7WFW,14:23:28.894473,1,12,31
GeneralDiscussion,1,,ID_61CPLS,ID_URYOXTAI,09:28:41.975334,1,12,27
ID_528W,0,,ID_ZMWXX2,ID_O02MUKTG,10:49:22.261423,1,1,9
GeneralDiscussion,1,,ID_F6EX05,ID_O02MUKTG,10:55:41.054505,1,1,9
GeneralDiscussion,1,,ID_GUP7H5,ID_GEZ0P6W5,20:22:20.044542,1,1,15
GeneralDiscussion,1,,ID_PCWYJJ,ID_MZKE0OFE,09:41:15.491295,1,12,27
GeneralDiscussion,1,,ID_5EDF3J,ID_9B06ZYZR,12:03:20.044228,1,3,17
ID_FN7K,1,,ID_FEEXUC,ID_II6TH4AW,07:00:52.417679,1,2,9
GeneralDiscussion,1,,ID_UYDA18,ID_5X1WLEG6,10:21:59.863291,1,2,2
GeneralDiscussion,1,,ID_SVNWGW,ID_5X1WLEG6,12:02:52.552915,1,2,2
GeneralDiscussion,1,,ID_QM8Q15,ID_F8SRWB6R,19:05:46.074673,1,5,7
GeneralDiscussion,1,,ID_TVGHW9,ID_79DX2AG0,15:21:04.344097,1,12,27
GeneralDiscussion,1,,ID_6D1064,ID_L1H7E53B,18:02:40.452200,1,1,13
ID_Q2OB,0,1.0,ID_45ONY0,ID_HQX77HWM,02:58:32.032457,1,2,17
GeneralDiscussion,1,,ID_BV3T9Z,ID_8ZTC5Y7X,01:13:55.890417,1,1,3
GeneralDiscussion,1,,ID_IY9GYJ,ID_JG0Y0Q7Z,13:30:57.694855,1,1,6
GeneralDiscussion,1,,ID_IQKY7N,ID_O2G0V23S,13:06:23.843477,1,1,11
ID_1CTF,1,,ID_JYX39Q,ID_3NIQX85A,02:06:33.351964,1,2,4
ID_WZ0H,1,,ID_21YRUU,ID_U5U9QW3H,10:43:19.334282,1,4,22
ID_Y1UE,0,2.0,ID_4OVG14,ID_12BX0AO4,20:14:46.050392,1,4,24
ID_FN7K,1,,ID_B46VBR,ID_0BV5CMJ0,07:55:53.457708,1,2,9
GeneralDiscussion,1,,ID_QCPKC8,ID_MZWHSUHF,22:56:34.711662,1,1,29
ID_FN7K,1,,ID_O4O35Q,ID_KPAOVBFH,06:49:25.500711,1,2,9
ID_GAV9,0,1.0,ID_1KAY1U,ID_0W7CRJ5S,18:10:33.179364,1,3,3
ID_GAV9,1,,ID_QPJDSW,ID_0W7CRJ5S,15:53:41.233510,1,2,31
ID_528W,0,1.0,ID_1P5628,ID_EC5ISJWI,20:08:37.176102,1,1,27
ID_45W9,1,,ID_YT5Q9Q,ID_V9SGAOCY,10:16:55.186149,1,2,9
GeneralDiscussion,0,2.0,ID_TFEWSI,ID_RAGMCFDB,09:28:40.590175,1,2,19
GeneralDiscussion,1,,ID_L3HNDC,ID_DDN6SHPW,09:48:59.091321,1,2,19
GeneralDiscussion,1,,ID_DTJZ7X,ID_POBH8V60,16:30:03.210981,1,2,28
GeneralDiscussion,1,,ID_WQ81EV,ID_55QRFEJ2,14:33:32.361851,1,2,30
GeneralDiscussion,1,,ID_4UUP3U,ID_0OG49CMM,18:54:31.391464,1,5,13
GeneralDiscussion,1,,ID_9NDXH6,ID_CBT4EAQW,15:25:05.029948,1,2,24
GeneralDiscussion,1,,ID_6V0M5V,ID_G5Y0ZN2B,20:17:36.212889,1,4,19
GeneralDiscussion,1,,ID_CPCA9B,ID_TR8MT852,07:49:21.797508,1,2,23
GeneralDiscussion,1,,ID_TNB7J7,ID_EF5JPUZW,01:19:14.227511,1,2,25
ID_GAV9,1,,ID_VNV3X5,ID_EQO5YNID,21:00:53.814238,1,2,23
GeneralDiscussion,1,,ID_QYA6XX,ID_EQO5YNID,21:39:55.068403,1,2,23
GeneralDiscussion,1,,ID_P2FDKC,ID_WVFNW1P8,19:37:07.639982,1,5,13
GeneralDiscussion,1,,ID_JA6EFH,ID_0D8ONCVV,15:26:15.220359,1,2,6
ID_GAV9,1,,ID_VZRDWY,ID_QI7I9JBC,14:34:14.386209,1,2,22
GeneralDiscussion,1,,ID_CU0XGS,ID_Q53XCFQV,12:49:08.291185,1,2,11
GeneralDiscussion,1,,ID_JNS75T,ID_ECRC1HNG,02:14:42.193574,1,2,25
ID_WZ0H,1,,ID_7C0CC7,ID_ECRC1HNG,16:39:59.799898,1,4,27
GeneralDiscussion,1,,ID_2GNS8V,ID_44ILNOVV,02:59:48.880099,1,5,7
GeneralDiscussion,1,,ID_O7JR6W,ID_RMJAZDSJ,13:02:27.293896,1,3,5
ID_GAV9,0,,ID_E0ML1P,ID_RMJAZDSJ,18:28:11.397834,1,3,5
ID_BXIL,0,,ID_N4DYLM,ID_9KVNABFG,13:24:20.871063,1,3,5
GeneralDiscussion,1,,ID_WEZ3LM,ID_9KVNABFG,13:25:04.135318,1,3,5
GeneralDiscussion,1,,ID_HUIFRZ,ID_P0T8M0RX,19:41:22.293922,1,2,10
ID_8DGC,1,,ID_C7W2VX,ID_BT11U37O,20:20:33.422809,1,5,13
GeneralDiscussion,1,,ID_TQ8LPM,ID_V4VOWERD,15:14:37.606486,1,2,22
GeneralDiscussion,1,,ID_C9B77U,ID_PXOU1TC2,14:47:56.537059,1,5,11
GeneralDiscussion,1,,ID_HHQM5J,ID_0CYJMN2V,16:57:44.617765,1,2,9
ID_JRC2,0,3.0,ID_Q4NXHK,ID_LWS4EC3P,14:38:27.811127,1,3,7
GeneralDiscussion,1,,ID_XYEKY5,ID_T7XFGNZZ,12:59:48.360717,1,2,5
ID_GAV9,1,,ID_LSX0MV,ID_OJQBCCT2,23:26:12.582296,1,2,26
GeneralDiscussion,1,,ID_EK51KC,ID_YLQMWQZE,14:03:06.255643,1,2,19
ID_I9BN,1,,ID_5H7GIJ,ID_3OG9WDJK,06:29:02.954234,1,2,21
ID_Q2OB,1,,ID_5WVAGS,ID_E7SKL6R4,11:59:29.963669,1,2,16
GeneralDiscussion,1,,ID_Z4L4B3,ID_E7SKL6R4,14:43:58.333985,1,5,1
ID_56O8,1,,ID_7OA12Q,ID_FC40DLUX,10:04:26.554130,1,2,13
GeneralDiscussion,1,,ID_XPAQZE,ID_BQA93CMC,10:02:41.250259,1,2,13
ID_GAV9,1,,ID_UJPONZ,ID_G97UVZ8J,21:25:18.842085,1,3,3
GeneralDiscussion,1,,ID_THNFN8,ID_YFBVZAW0,07:11:17.941291,1,3,25
GeneralDiscussion,1,,ID_K6A8EQ,ID_WZ6WNU2T,16:00:30.595927,1,2,19
GeneralDiscussion,1,,ID_09E0PO,ID_V4H54JR5,11:55:24.012940,1,3,11
ID_GAV9,1,,ID_IA025N,ID_J7VXT4TG,14:27:38.833156,1,3,3
GeneralDiscussion,1,,ID_I90CZM,ID_8BGGVZ46,22:13:38.134709,1,3,3
GeneralDiscussion,1,,ID_5CBF4I,ID_ACWRA29N,17:44:19.338229,1,2,16
GeneralDiscussion,1,,ID_K6PQN2,ID_V3JG8CM5,18:13:56.496281,1,4,29
GeneralDiscussion,1,,ID_T4U40A,ID_Y52KXSFF,15:19:07.844622,1,2,19
ID_JRC2,1,,ID_GZP263,ID_IXYN1DMW,08:51:33.587943,1,2,23
ID_Q2OB,1,,ID_CVPXRG,ID_SODLN2MU,17:57:33.178713,1,2,16
ID_I9BN,0,,ID_KDBR6B,ID_VHKMHN5V,02:56:47.535028,1,2,17
ID_I9BN,1,,ID_BSAF6P,ID_VHKMHN5V,14:54:33.331662,1,3,5
ID_GAV9,1,,ID_S4HGBC,ID_GA3KC0Y3,13:32:32.558889,1,3,5
ID_WZ0H,0,3.0,ID_1LCBM5,ID_Y22D4LAP,03:09:20.958872,1,5,22
GeneralDiscussion,1,,ID_2WDVIH,ID_8P3X8ITI,21:22:22.067852,1,5,13
GeneralDiscussion,1,,ID_Z7J9EE,ID_LD7YPUWW,04:52:17.079574,1,5,22
GeneralDiscussion,1,,ID_SKANCF,ID_11I2NC6N,18:20:55.288964,1,2,28
ID_KU2G,0,,ID_KL6NM6,ID_FNN5LCYB,14:38:07.326508,1,2,20
GeneralDiscussion,1,,ID_YMHHPS,ID_5JPM6SIF,22:34:59.067752,1,3,3
GeneralDiscussion,1,,ID_3XSVRT,ID_QW10DJGV,13:57:16.717356,1,3,30
GeneralDiscussion,1,,ID_TL56C2,ID_QW10DJGV,05:47:32.773627,1,3,31
GeneralDiscussion,1,,ID_HBIWFA,ID_D7L0C2OT,12:39:48.408237,1,4,6
GeneralDiscussion,1,,ID_QG8PA0,ID_293NZHFQ,02:22:41.217234,1,5,17
GeneralDiscussion,1,,ID_2PEDKX,ID_299VFBB9,19:46:34.778690,1,3,24
GeneralDiscussion,0,5.0,ID_MNL3DD,ID_8TR2N13Q,08:03:58.494919,1,1,10
GeneralDiscussion,1,,ID_UWQ3WQ,ID_9V60E66L,17:12:42.998752,1,3,31
GeneralDiscussion,1,,ID_CR2MJL,ID_7GXHFWNO,15:48:59.010075,1,4,4
GeneralDiscussion,0,,ID_8RUY9P,ID_W4DC91D6,14:12:16.368799,1,3,5
GeneralDiscussion,1,,ID_BO5F5A,ID_W4DC91D6,15:21:10.954856,1,3,5
GeneralDiscussion,1,,ID_1GHTD9,ID_ZPVYGUPG,15:21:16.734748,1,5,11
GeneralDiscussion,0,,ID_IROZRP,ID_QJCY437J,09:51:21.351761,1,2,23
GeneralDiscussion,1,,ID_BY4VNV,ID_Z57CVU84,04:53:59.815292,1,5,23
ID_XZ71,0,3.0,ID_NPM0IR,ID_Z57CVU84,06:31:20.143253,1,5,22
GeneralDiscussion,1,,ID_WYQTIJ,ID_Z57CVU84,16:22:15.604521,1,5,19
GeneralDiscussion,1,,ID_VIW79O,ID_HSN60NEL,00:45:49.943255,1,2,27
GeneralDiscussion,1,,ID_YSRAHQ,ID_GILLTAOL,19:36:25.338837,1,2,28
GeneralDiscussion,0,3.0,ID_EHHRPD,ID_6YUZ885D,14:04:47.619325,1,2,23
GeneralDiscussion,1,,ID_3UY13A,ID_6YUZ885D,13:57:05.027709,1,2,23
GeneralDiscussion,1,,ID_0U4NJ0,ID_AXN30OAN,16:32:31.935536,1,5,1
GeneralDiscussion,1,,ID_QM8C26,ID_VTMKMDCQ,18:08:14.731101,1,4,29
GeneralDiscussion,1,,ID_DEIDWC,ID_VTMKMDCQ,18:13:05.716788,1,4,29
GeneralDiscussion,0,,ID_8ACCO3,ID_BK4E9SJ2,15:34:18.773433,1,3,15
GeneralDiscussion,1,,ID_V6MS4T,ID_G4MAQNLI,07:04:23.233579,1,2,25
ID_JRC2,1,,ID_00JYOQ,ID_RBENP5LX,15:40:26.190550,1,2,29
GeneralDiscussion,1,,ID_W5CPES,ID_B6CJ1R1A,09:11:52.035460,1,3,9
GeneralDiscussion,1,,ID_V1R50Z,ID_U91NSYHH,18:13:32.842819,1,5,1
GeneralDiscussion,1,,ID_184YCE,ID_83I8XCE9,17:37:35.442063,1,4,27
ID_GAV9,0,,ID_P3T9G1,ID_LHAZ2YNR,06:29:55.166850,1,2,25
GeneralDiscussion,1,,ID_MHCZMI,ID_F2QCJJB3,16:15:27.807383,1,2,29
GeneralDiscussion,1,,ID_VQJ70U,ID_6HV41ZMG,09:25:06.396139,1,3,9
ID_GR92,0,3.0,ID_XCC6W4,ID_58RN57JT,17:40:14.006176,1,1,5
GeneralDiscussion,0,4.0,ID_5WGN69,ID_U9Y6ARH0,08:56:23.644153,1,5,10
GeneralDiscussion,1,,ID_PCJDL0,ID_1OESXBCU,08:01:55.102047,1,2,27
GeneralDiscussion,1,,ID_LP56RI,ID_VGMM0EYL,22:33:34.614288,1,2,28
GeneralDiscussion,1,,ID_I0VMKD,ID_D22VCKMS,09:04:13.052500,1,5,27
GeneralDiscussion,1,,ID_W100U1,ID_8M2OSS4C,09:19:46.525308,1,2,27
ID_3AG0,0,5.0,ID_JTT71K,ID_L7J1HEBH,09:16:44.374878,1,11,19
GeneralDiscussion,1,,ID_H5WYV9,ID_URT56CQ9,16:05:57.457668,1,2,29
GeneralDiscussion,1,,ID_9AUFZR,ID_EPAX9S0O,18:34:10.244058,1,3,7
GeneralDiscussion,0,5.0,ID_TJSISA,ID_CCGMKAG1,06:42:44.053862,1,5,26
GeneralDiscussion,1,,ID_DCICZN,ID_CCGMKAG1,13:26:23.084750,1,5,10
GeneralDiscussion,1,,ID_K8PU89,ID_CCGMKAG1,13:24:30.250084,1,5,10
GeneralDiscussion,1,,ID_XFDJ09,ID_CCGMKAG1,13:17:25.710372,1,5,10
GeneralDiscussion,1,,ID_PN28KJ,ID_ZFKPWTM1,13:36:23.213914,1,5,8
GeneralDiscussion,1,,ID_WTSLAN,ID_IYBPPYOB,00:37:42.337619,1,2,29
ID_20XL,0,1.0,ID_1U22G9,ID_9I1LZYZU,07:43:17.090747,1,3,3
ID_XZ71,1,,ID_EC8EBJ,ID_OEARMPEW,08:09:41.659054,1,5,7
GeneralDiscussion,1,,ID_DITJ06,ID_7RTYRXKX,08:08:46.303980,1,5,7
ID_CFN7,0,3.0,ID_ANKVI9,ID_VPXMHU3X,19:49:45.359680,1,5,23
ID_IMTG,1,,ID_WMNY23,ID_MYLCM8SB,08:21:37.279549,1,5,17
GeneralDiscussion,1,,ID_5S7IB4,ID_19UUP4I1,13:50:03.568967,1,3,25
GeneralDiscussion,1,,ID_NKLWDS,ID_PPDBBHWU,13:50:44.244206,1,3,25
ID_WZ0H,1,,ID_FSHP1R,ID_CYPRXF8H,06:58:25.887009,1,4,22
GeneralDiscussion,1,,ID_0DZP0E,ID_O9MXTPFO,21:20:56.606744,1,5,1
GeneralDiscussion,0,,ID_5MRID8,ID_69TLRBOM,18:25:04.440142,1,3,1
GeneralDiscussion,1,,ID_Q26DLK,ID_T9D9LCET,03:51:00.931129,1,3,4
ID_GAV9,1,,ID_HW5FQW,ID_5FD3I6FB,17:20:17.440000,1,3,7
GeneralDiscussion,0,,ID_AUZRWQ,ID_IAJFPOEI,03:57:01.305980,1,3,10
GeneralDiscussion,1,,ID_LHHXKU,ID_4A1Z4H4F,03:45:14.972943,1,3,4
ID_WZ0H,0,3.0,ID_CPP5R7,ID_KWHW91QY,10:49:20.050590,1,4,15
GeneralDiscussion,1,,ID_4XLS3C,ID_CHQ25OVQ,13:28:07.155253,1,5,1
GeneralDiscussion,1,,ID_F095XY,ID_MG8VOA80,18:26:49.260302,1,3,5
GeneralDiscussion,1,,ID_1OW6OB,ID_RR50E1A5,17:56:16.044558,1,3,25
GeneralDiscussion,1,,ID_7ESS2N,ID_KERNJR1V,18:29:42.357203,1,3,5
GeneralDiscussion,1,,ID_WLCR40,ID_9N0XEQZ6,05:32:31.745036,1,3,4
GeneralDiscussion,1,,ID_ENSSHN,ID_FBN1DTUB,23:05:23.772328,1,5,20
GeneralDiscussion,1,,ID_DCYI38,ID_ABNETIDP,10:31:33.641391,1,5,17
ID_20XL,0,,ID_2P0Y65,ID_80S556S2,07:59:30.892521,1,3,14
ID_GAV9,1,,ID_E5F9GR,ID_K0R9SWLW,16:00:35.464695,1,3,5
ID_GAV9,0,1.0,ID_A1HID6,ID_K0R9SWLW,09:32:32.413350,1,3,6
ID_F7QD,0,,ID_UM7JBO,ID_29LID8U7,02:32:58.796116,1,5,25
GeneralDiscussion,1,,ID_KJEBPO,ID_UJQKIVAZ,22:46:35.316369,1,3,15
ID_KU2G,1,,ID_63SQZL,ID_UJQKIVAZ,23:18:21.665683,1,3,15
GeneralDiscussion,1,,ID_AW8QGN,ID_ISAJ9BDC,18:35:09.422175,1,3,17
ID_WZ0H,1,,ID_EEI66S,ID_UQQUUSUJ,09:09:07.045079,1,4,16
GeneralDiscussion,1,,ID_APD0DZ,ID_C4KYCD9V,19:44:20.719965,1,3,13
GeneralDiscussion,1,,ID_EEYIGI,ID_RT5V4OSE,14:56:38.070676,1,5,25
GeneralDiscussion,1,,ID_ZD4Y93,ID_TBCMKJNS,03:07:14.624552,1,3,23
GeneralDiscussion,1,,ID_VI83GF,ID_Y0JQGSS4,11:13:03.684945,1,4,20
GeneralDiscussion,1,,ID_XDS00K,ID_4S5LEDHZ,02:46:32.526651,1,3,29
GeneralDiscussion,1,,ID_LTCWSO,ID_JXUT521N,03:23:30.178446,1,3,23
GeneralDiscussion,1,,ID_XQNC28,ID_2INFLUC8,08:01:56.428763,1,5,14
GeneralDiscussion,1,,ID_H0NZIB,ID_EKFB430Z,10:55:39.503170,1,3,14
GeneralDiscussion,1,,ID_AW0QJY,ID_J2JB1SHW,10:11:04.131376,1,4,16
GeneralDiscussion,1,,ID_XCLCIF,ID_H0KRMYBG,08:36:26.089013,1,5,14
ID_WZ0H,1,,ID_DY6C4Y,ID_X1AB052M,06:42:37.433125,1,5,3
GeneralDiscussion,1,,ID_E8FOVB,ID_9URPU7DI,05:56:25.354406,1,5,25
GeneralDiscussion,1,,ID_K0MTC7,ID_DUU0D8QN,10:10:12.305134,1,5,12
ID_IMTG,0,,ID_DRLP7L,ID_5ZZ5Q3UA,13:13:37.090254,1,5,17
GeneralDiscussion,1,,ID_RKCEUF,ID_BLADNOBG,01:34:56.689048,1,5,21
GeneralDiscussion,1,,ID_STI5E5,ID_DNHU4VDH,02:15:11.450236,1,5,21
GeneralDiscussion,1,,ID_BEFYVW,ID_3QDDZPR5,14:06:45.333845,1,5,23
GeneralDiscussion,1,,ID_Z7PFYR,ID_3QDDZPR5,13:53:35.875145,1,5,23
ID_BXIL,1,,ID_F9KW1N,ID_O7G9LNWS,16:18:42.357376,1,3,23
GeneralDiscussion,1,,ID_T9HBNC,ID_MW7W034B,11:50:57.964075,1,4,14
GeneralDiscussion,1,,ID_YA4SV1,ID_AAJKI0P3,14:11:32.417637,1,5,23
GeneralDiscussion,1,,ID_09W0TZ,ID_AAJKI0P3,14:15:31.081484,1,5,23
GeneralDiscussion,1,,ID_613AUJ,ID_8A3X5IWU,11:06:11.201934,1,5,14
GeneralDiscussion,1,,ID_TCN8TB,ID_3NL0QLE6,04:57:31.578153,1,5,12
GeneralDiscussion,1,,ID_FTJ37Z,ID_3PL1LQQX,05:11:59.313759,1,5,9
GeneralDiscussion,0,1.0,ID_ZOC5GY,ID_S4XIIL0Z,07:13:04.296241,1,3,19
